continent,country,country_code,1945,1946,1947,1948,1949,1950,1951,1952,1953,1954,1955,1956,1957,1958,1959,1960,1961,1962,1963,1964,1965,1966,1967,1968,1969,1970,1971,1972,1973,1974,1975,1976,1977,1978,1979,1980,1981,1982,1983,1984,1985,1986,1987,1988,1989,1990,1991,1992,1993,1994,1995,1996,1997,1998,1999,2000,2001,2002,2003,2004,2005,2006,2007,2008,2009,2010,2011,2012,2013,2014,2015,2016,2017,2018,2019,2020
Asia,Afghanistan,AFG,,,,,,,,,,,,,,,,,,,,,1.36,1.02,0.67,0.34,0.0,0.12,0.24,0.35,0.46,0.56,0.66,0.76,0.85,0.94,1.03,1.12,1.2,1.28,1.36,1.43,1.51,1.58,1.65,1.72,2.95,4.21,5.48,6.78,8.1,9.45,10.8,12.2,13.6,15.1,16.5,18.0,19.6,21.1,22.7,24.3,25.9,26.3,26.6,26.9,27.3,27.6,27.4,27.4,27.4,27.4,27.4,27.7,27.8,27.9,27.2,27.2
Africa,Angola,AGO,,,,,,,,,,,,,,,,,,,,,,,,,,,,,,,,,,,,8.3,9.55,10.7,11.8,12.8,13.7,14.5,13.9,13.2,12.4,11.5,10.6,9.55,11.3,13.0,14.7,16.5,18.2,19.9,21.7,23.4,25.1,26.9,28.6,30.3,32.1,33.8,35.5,37.3,36.5,35.7,34.9,34.1,33.5,32.8,32.2,31.6,30.9,30.4,30.0,30.0
Europe,Albania,ALB,3.66,6.46,8.81,10.8,12.5,14.1,13.5,12.9,12.4,11.9,11.0,10.3,9.64,9.09,9.81,10.5,11.1,11.7,12.9,14.1,15.2,16.3,19.2,22.0,24.7,27.3,28.7,30.2,31.7,33.2,33.0,32.8,32.6,32.4,31.9,31.4,30.9,30.4,30.1,29.8,29.4,29.1,28.8,22.5,16.2,9.9,3.6,5.71,7.32,8.93,10.5,12.1,10.9,9.57,8.29,7.0,5.71,6.07,6.43,6.79,7.14,9.46,11.8,14.1,16.4,16.3,16.1,15.9,15.7,18.8,21.8,24.8,27.9,28.6,29.5,29.5
Europe,Andorra,AND,,,,,,,,,,,,,,,,,,,,,,,,,,,,,,,,,,,,,,,,,,,,,,,,,3.57,5.16,6.43,7.47,8.33,9.07,9.69,10.2,10.7,13.8,17.9,23.6,32.1,32.9,33.3,33.7,33.9,42.9,51.8,50.0,47.6,44.3,39.3,41.1,42.9,44.6,46.4,46.4
Asia,United Arab Emirates,ARE,,,,,,,,,,,,,,,,,,,,,,,,,,,0.0,0.0,0.0,0.0,0.0,0.0,0.0,0.0,0.0,0.0,0.0,0.0,0.0,0.0,0.0,0.0,0.0,0.0,0.0,0.0,0.0,0.0,0.0,0.0,0.0,0.0,0.0,0.0,0.0,0.0,0.0,0.0,0.0,1.0,2.5,5.0,5.0,5.0,5.0,5.0,5.0,17.5,19.2,20.8,22.5,29.4,36.3,43.1,50.0,50.0
South America,Argentina,ARG,,0.0,0.0,0.0,5.99,11.4,16.2,17.5,18.8,20.1,21.4,14.0,7.51,1.77,1.44,1.05,0.81,0.6,0.42,1.16,2.08,3.02,3.83,4.54,5.16,5.71,6.21,6.65,7.05,6.79,6.52,6.26,5.99,5.72,5.45,5.17,4.89,4.61,4.33,4.15,3.94,6.52,4.72,5.78,6.67,6.28,5.84,14.4,8.7,18.9,20.4,23.6,27.6,24.1,21.3,26.3,31.3,32.8,34.4,35.9,37.4,38.6,39.8,39.4,39.3,38.7,37.7,37.7,37.7,37.4,37.1,38.0,38.9,39.4,39.9,40.7
Europe,Armenia,ARM,,,,,,,,,,,,,,,,,,,,,,,,,,,,,,,,,,,,,,,,,,,,,,3.69,4.12,4.59,5.1,5.68,6.32,5.71,4.98,4.12,3.05,3.44,3.82,4.2,4.58,6.42,7.65,8.53,9.2,9.36,9.57,9.84,10.2,10.7,11.8,12.9,14.2,15.6,17.1,24.2,23.5,23.5
North America,Antigua and Barbuda,ATG,,,,,,,,,,,,,,,,,,,,,,,,,,,,,,,,,,,,,,,,5.88,5.29,4.71,4.12,3.53,2.94,4.71,7.35,11.8,11.3,11.1,10.6,10.0,9.44,8.89,8.33,9.44,10.6,11.7,12.8,13.9,15.0,16.1,17.2,18.3,19.4,19.8,20.1,20.5,20.8,21.2,23.9,26.5,29.0,31.4,31.4,31.4
Australia and Oceania,Australia,AUS,,3.6,3.21,2.94,2.73,2.46,2.19,3.29,6.67,0.0,2.72,2.72,2.72,2.72,2.72,2.72,2.72,1.62,0.0,6.67,3.69,2.72,5.0,1.62,0.0,3.33,1.08,0.0,1.6,2.67,3.14,3.17,3.19,4.25,5.3,6.35,7.58,8.82,10.1,9.82,10.4,11.0,11.6,11.9,12.2,12.5,12.7,12.8,13.0,15.5,18.0,20.5,30.3,24.1,25.1,26.0,27.0,27.4,27.9,28.3,28.8,29.2,29.6,29.5,29.4,29.2,30.4,31.4,32.2,31.2,30.3,29.5,31.1,33.4,36.6,37.0
Europe,Austria,AUT,4.21,0.0,0.0,0.0,4.23,2.08,2.08,2.08,4.76,2.22,2.22,6.57,12.5,12.5,7.04,12.5,12.5,7.41,13.7,13.7,13.7,6.94,11.8,11.8,11.8,7.76,8.55,17.6,17.6,17.6,10.5,20.0,20.0,20.0,11.3,16.4,16.4,16.4,11.1,16.4,16.4,13.9,21.0,21.0,21.0,20.2,21.7,21.7,21.7,21.9,25.6,21.0,20.3,21.0,23.6,14.3,14.3,31.8,25.8,27.4,25.8,31.6,24.6,27.8,29.5,29.0,29.0,29.0,30.5,29.0,29.0,29.5,33.1,35.8,38.5,38.5
Europe,Azerbaijan,AZE,,,,,,,,,,,,,,,,,,,,,,,,,,,,,,,,,,,,,,,,,,,,,,,,,,,,,,,,,,,,,,,,,,,,,,,,,,,16.8,17.4
Africa,Burundi,BDI,,,,,,,,,,,,,,,,,0.0,0.0,0.0,0.0,0.0,0.71,1.39,2.04,2.68,3.29,3.88,4.44,4.99,5.53,6.04,6.54,7.02,7.49,7.95,8.39,8.82,9.23,9.58,9.91,10.2,10.5,10.8,11.1,11.4,11.6,11.9,12.1,12.3,15.4,18.0,20.2,22.2,23.9,25.4,26.8,27.9,29.0,30.0,30.9,31.7,32.3,32.8,33.4,34.0,34.7,35.4,36.0,36.6,37.2,37.8,38.0,38.3,38.5,38.8,38.9
Europe,Belgium,BEL,,2.17,2.49,2.8,3.1,3.62,3.68,3.75,3.81,3.88,3.88,3.88,3.88,3.88,3.79,3.7,3.62,3.29,2.96,2.63,2.31,2.22,2.14,2.05,2.31,2.56,2.82,2.82,2.82,2.82,4.09,5.36,6.62,7.89,8.06,8.23,8.4,8.7,9.0,9.3,9.6,8.96,8.33,8.78,9.22,9.66,10.1,10.9,12.0,13.4,15.4,19.4,21.5,22.9,23.8,25.0,26.7,29.4,34.4,34.6,34.9,35.1,35.3,36.3,37.5,38.9,39.9,40.9,41.9,43.0,43.1,43.1,43.2,43.3,43.3,41.9
Africa,Benin,BEN,,,,,,,,,,,,,,,,,,,,,,,,,,,,,,,,,,,8.33,7.79,7.14,6.35,5.36,4.08,3.84,3.61,3.38,3.15,2.93,3.72,6.25,6.64,7.03,7.42,7.81,7.27,6.8,6.39,6.02,6.33,6.63,6.93,7.23,8.13,9.04,9.94,10.8,10.2,9.64,9.04,8.43,8.13,7.83,7.53,7.23,7.23,7.23,7.23,7.23,7.23
,Burkina,BFA,,,,,,,,,,,,,,,,,,,,,,,,,,0.0,0.22,0.44,0.66,0.88,1.1,1.32,1.54,1.75,2.24,2.67,3.06,3.41,3.72,4.01,4.27,4.51,4.73,4.93,5.12,5.29,5.46,5.61,6.05,6.49,6.93,7.37,7.8,8.23,8.65,9.07,9.49,9.91,11.7,12.6,13.5,14.4,15.3,15.4,15.5,15.6,15.7,15.8,13.7,11.6,9.45,10.4,11.4,12.4,13.4,13.4
Asia,Bangladesh,BGD,,,,,,,,,,,,,,,,,,,,,,,,,,,,,,,,,,,,,,,,,,,,,,,,,,,,,,,,,,,,,,,,,,,,,,,,,,,20.6,20.9
Europe,Bulgaria,BGR,5.8,8.17,9.58,11.7,15.1,15.2,15.4,15.5,15.7,15.8,15.9,16.0,16.1,17.1,18.0,18.8,19.6,20.3,19.3,18.4,17.7,17.1,17.4,17.7,18.1,18.4,18.8,18.9,19.1,19.2,19.4,19.5,19.9,20.4,20.9,21.3,21.8,21.6,21.4,21.3,21.1,21.0,17.9,14.8,11.6,8.5,12.9,13.1,13.2,13.3,12.5,11.7,10.8,14.7,18.5,22.4,26.3,24.9,23.5,22.2,20.8,20.8,20.8,20.8,20.8,22.0,22.8,23.3,23.8,20.0,21.3,22.5,23.8,24.8,25.8,26.7
Asia,Bahrain,BHR,,,,,,,,,,,,,,,,,,,,,,,,,,,,,,,,,,,,,,,,,,,,,,,,,,,,,,,,,,,,,,,,,,,,,,,,,,,18.8,18.8
North America,Bahamas,BHS,,,,,,,,,,,,,,,,,,,,,,,,,,,,,,,,,,,,,,,,,,,,,,,,,,,,,,,,,,,,,,,,,,,,,,,,,,,21.8,21.8
Europe,Bosnia and Herzegovina,BIH,,,,,,,,,,,,,,,,,,,,,,,,,,,,,,,,,,,,,,,,,,,,,,4.49,5.31,6.29,7.47,8.92,10.8,13.2,16.4,21.1,15.2,7.14,10.1,12.3,12.7,13.1,13.7,14.3,13.3,15.3,16.2,16.7,13.3,18.1,20.2,21.4,13.3,18.1,20.2,21.4,21.1,21.1
Europe,Belarus,BLR,,,,,,,,,,,,,,,,,,,,,,,,,,,,,,,,,,,,,,,,,,,,,,3.8,3.85,3.91,3.99,4.1,4.27,4.55,31.1,23.5,19.8,17.6,22.0,25.2,27.7,29.7,30.1,30.8,31.5,32.5,31.8,31.0,30.3,29.5,30.1,30.6,31.0,31.3,32.1,33.3,34.9,34.7
North America,Belize,BLZ,,,,,,,,,,,,,,,,,,,,,,,,,,,,,,,,,,,,,,,,10.5,9.95,9.38,8.81,8.25,7.69,8.33,8.97,9.62,10.3,10.9,11.5,12.2,12.8,13.5,12.6,11.7,10.8,10.1,9.3,11.6,13.5,15.0,16.3,17.4,16.7,15.8,14.7,13.3,11.9,10.5,9.09,9.6,10.1,10.6,11.1,13.0
South America,Bolivia,BOL,,,,,,,0.0,0.27,0.54,0.81,1.08,1.35,0.77,0.0,0.0,0.0,0.0,1.94,1.94,1.49,1.1,0.77,0.94,1.11,1.27,1.43,1.59,1.75,1.9,2.05,2.2,2.35,2.49,2.64,2.78,1.91,2.29,2.68,3.06,3.44,3.82,4.94,6.05,7.17,8.28,8.6,8.92,9.24,9.55,8.76,7.96,7.17,6.37,8.66,11.0,13.3,15.5,17.8,16.8,15.7,14.7,17.7,20.7,23.7,26.5,31.6,36.6,41.7,46.8,51.8,51.8,51.8,51.8,51.8,51.8,51.8
South America,Brazil,BRA,0.0,0.06,0.11,0.17,0.22,0.27,0.27,0.27,0.26,0.26,0.39,0.52,0.64,0.77,0.67,0.58,0.5,0.42,0.58,0.74,0.89,1.05,0.89,0.71,0.5,0.27,0.26,0.25,0.24,0.23,0.45,0.65,0.85,1.03,1.1,1.16,1.22,1.28,2.13,2.98,3.83,4.66,4.78,4.9,5.02,5.14,5.63,6.11,6.59,7.07,6.78,6.48,6.19,5.89,6.69,7.49,8.29,9.09,6.24,7.7,8.91,9.93,9.85,9.77,9.69,9.6,9.81,10.0,10.2,10.4,11.6,12.7,13.8,15.0,15.0,14.5
North America,Barbados,BRB,,,,,,,,,,,,,,,,,,,,,,,,,,,,,,,,,,,,,,,,,,,,,,,,,,,,,,,,,,,,,,,,,,,,,28.6,28.1,27.9,27.7,27.6,27.4,29.4,29.4
Asia,Brunei,BRN,,,,,,,,,,,,,,,,,,,,,,,,,,,,,,,,,,,,,,,,,,,,,,,,,,,,,,,,,,,,,,,,,,,,,,,,6.45,9.09,9.09,9.09,9.09
Asia,Bhutan,BTN,,,,,,,,,0.0,0.04,0.08,0.12,0.16,0.2,0.25,0.29,0.34,0.39,0.44,0.5,0.56,0.61,0.68,0.74,0.81,0.88,0.95,1.03,1.11,1.2,1.29,1.38,1.48,1.59,1.7,1.82,1.94,2.08,2.22,2.38,2.54,2.72,2.91,3.11,3.33,3.57,3.84,4.13,4.44,4.8,5.19,5.62,6.11,6.67,7.3,8.03,8.89,9.9,11.1,12.6,14.4,16.8,20.0,13.9,12.5,11.1,9.72,8.33,6.94,8.61,10.3,11.9,13.6,15.3,15.3,15.3
Africa,Botswana,BWA,,,,,,,,,,,,,,,,,,,,,0.0,0.0,0.0,0.0,0.0,0.0,0.0,0.0,0.0,0.0,1.08,2.16,3.24,4.32,5.41,5.35,5.29,5.24,5.18,5.13,5.1,5.08,5.05,5.03,5.0,6.0,7.0,8.0,9.0,10.0,11.6,13.1,14.5,15.8,17.0,15.5,14.2,13.1,12.0,11.1,10.5,9.84,9.21,8.57,7.94,8.25,8.57,8.89,9.21,9.52,9.78,10.0,10.3,10.5,10.8,10.8
Africa,Central African Republic,CAF,,,,,,,,,,,,,,,,,,,,,,,,,,,,,,,,,,,,,,,,,,,,,,,,,,,,,,,,,,,,,,,,,,,,,,,,,,,8.57,8.57
North America,Canada,CAN,0.92,2.11,2.33,2.44,0.85,2.27,2.3,2.41,2.55,6.1,6.59,7.14,1.95,2.79,5.26,6.86,7.29,3.3,3.29,6.06,2.49,4.21,5.32,1.68,5.62,6.59,6.74,3.61,7.37,4.48,6.59,6.45,6.25,8.33,5.45,6.33,9.78,10.1,9.78,10.4,11.8,14.7,13.0,13.2,10.6,15.3,14.0,14.4,17.3,18.3,18.3,18.3,21.2,29.0,30.8,22.1,35.5,35.5,35.5,24.6,35.5,26.6,34.4,25.3,35.0,35.0,27.5,35.9,37.9,39.6,27.9,42.2,43.0,35.0,33.2,33.6
Europe,Switzerland,CHE,,,,,,,,,,,,,,,,,,,,,,,,,,,4.92,5.12,5.33,5.53,5.74,6.75,7.76,8.76,9.76,9.86,9.96,10.1,10.2,11.0,11.8,12.6,13.4,14.0,14.6,15.2,15.8,17.0,18.1,19.2,20.3,20.7,21.1,21.5,21.9,22.7,23.4,24.1,24.8,25.5,26.1,26.8,27.5,27.1,26.7,26.3,26.0,26.6,27.3,28.1,28.9,31.3,33.7,36.2,38.6,38.6
South America,Chile,CHL,,,,,,,,,,,,,,,,,,,,,,,,,,,,,,,,,,,,,,,,,,,,,,,,,,,,,,,,,,,,,,,,,,,,,,,,,,,22.7,22.7
Asia,China,CHN,,,,,,,,,,,,,,,,,,,,,,,,,,,,,,,,,,,,,,,,,,,,,,,,,,,,,,,,,,,,,,,,,,,,,,,,,,,24.9,24.9
,Ivory Coast,CIV,,,,,,,,,,,,,,,,0.0,0.82,1.58,2.28,2.93,3.53,3.41,3.3,3.19,3.09,3.0,4.42,5.74,6.96,8.1,9.17,8.29,7.49,6.75,6.07,5.44,5.5,5.56,5.62,5.67,5.71,5.49,5.26,5.03,4.8,4.57,5.26,5.94,6.63,7.31,8.0,8.13,8.24,8.34,8.43,8.52,8.78,9.03,9.27,9.51,9.74,9.97,10.2,10.4,10.6,10.8,11.0,10.7,10.3,9.91,9.54,9.16,12.0,19.2,13.3,13.6
Africa,Cameroon,CMR,,,,,,,,,,,,,,,,1.0,1.33,2.0,2.0,2.0,2.33,2.67,3.0,3.33,3.67,4.0,5.0,5.52,5.83,6.67,7.5,8.33,9.17,10.0,10.8,11.7,12.5,13.3,14.2,14.2,14.3,14.4,14.4,14.4,13.9,13.3,12.8,12.2,11.1,10.3,9.72,9.26,8.89,8.89,8.89,8.89,8.89,8.89,10.6,11.9,12.9,13.7,14.3,14.6,15.0,15.6,16.4,17.7,20.0,21.2,22.4,23.6,24.8,26.0,29.3,31.1
,"Congo, Democratic Republic of",COD,,,,,,,,,,,,,,,,0.0,0.0,0.0,0.0,0.0,0.0,0.57,1.14,1.71,2.29,2.86,3.9,5.15,6.68,8.6,11.1,6.2,1.84,2.22,2.58,2.92,3.24,3.55,3.83,4.15,4.51,4.92,5.41,4.1,3.18,2.5,1.97,1.55,3.69,5.01,5.5,6.01,6.54,7.08,7.65,8.24,8.85,9.49,10.2,9.66,9.07,8.4,4.63,7.23,8.17,8.65,8.94,9.1,9.25,9.4,9.55,9.7,9.85,10.0,12.0,14.3
,Congo,COG,,,,,,,,,,,,,,,0.0,1.31,2.65,4.04,5.45,5.65,5.8,5.92,6.02,6.11,6.19,6.25,6.31,6.36,6.4,6.81,7.2,7.55,7.89,8.2,8.5,8.76,9.02,9.28,9.54,9.8,10.6,11.4,12.3,13.3,14.3,11.2,8.5,2.7,1.62,2.7,3.77,4.83,5.89,6.94,7.99,9.04,10.1,11.1,11.4,12.0,13.3,9.23,7.41,7.3,8.67,10.7,13.9,7.35,11.5,19.4,16.1,14.7,14.0,13.8,13.6,13.6
South America,Colombia,COL,,,,,,,,,,,,,,,,,,,,0.0,2.79,3.72,3.14,2.58,3.13,3.66,3.78,3.91,4.04,4.18,4.02,3.86,3.7,3.54,3.45,3.37,3.28,3.19,3.43,3.67,3.91,4.15,4.55,4.95,5.35,5.75,9.4,9.37,9.35,9.33,10.0,10.7,11.4,12.2,11.8,11.5,11.2,10.8,10.5,10.3,9.98,9.7,10.7,11.8,12.8,13.8,15.6,17.4,19.1,20.9,20.6,20.3,20.0,19.7,19.6,19.6
Africa,Comoros,COM,,,,,,,,,,,,,,,,,,,,,,,,,,,,,,,,,,0.0,0.0,0.0,0.0,0.0,0.0,0.0,0.0,0.0,0.0,0.4,0.79,1.19,1.59,1.98,2.38,1.57,0.78,0.0,0.3,0.62,0.96,1.32,1.7,2.11,2.55,3.03,2.42,1.82,1.21,0.61,0.0,0.51,1.01,1.52,2.02,2.53,3.03,3.79,4.55,5.3,6.06,16.7
Africa,Cape Verde,CPV,,,,,,,,,,,,,,,,,,,,,,,,,,,,,,,1.79,4.18,6.46,8.64,10.7,12.7,12.5,12.4,12.3,12.2,12.1,11.3,10.6,9.88,9.13,8.37,7.59,8.41,9.27,10.2,11.1,11.1,11.1,11.1,11.1,11.1,11.1,11.9,12.8,13.6,14.4,15.3,16.4,17.5,18.6,19.7,20.8,21.3,21.6,21.9,22.1,22.2,22.5,22.9,23.6,25.0
North America,Costa Rica,CRI,,,,,0.0,1.67,3.33,5.0,6.67,6.22,5.78,5.33,4.89,4.44,3.65,2.94,2.31,1.75,2.63,3.51,4.39,5.26,5.7,6.14,6.58,7.02,6.58,6.14,5.7,5.26,5.7,6.14,6.58,7.02,7.02,7.02,7.02,7.02,7.89,8.77,9.65,10.5,11.0,11.4,11.8,12.3,12.7,13.2,13.6,14.0,15.3,16.7,18.0,19.3,24.9,28.6,31.3,33.3,34.1,35.1,36.5,38.6,38.6,38.6,38.6,38.6,37.3,36.0,34.6,33.3,36.4,39.5,42.5,45.6,45.6,45.6
North America,Cuba,CUB,,,,3.17,3.04,2.92,2.8,2.7,2.6,2.51,2.42,2.34,2.27,2.2,4.9,7.18,9.13,10.8,12.3,13.6,14.8,15.8,16.7,17.6,18.4,19.1,19.7,20.3,20.8,21.3,21.8,22.3,22.3,22.4,22.5,22.6,22.6,24.9,27.2,29.5,31.7,33.9,32.1,30.4,28.7,27.1,25.6,24.2,22.8,23.7,24.7,25.7,26.7,27.6,29.3,31.0,32.6,34.3,36.0,37.4,38.9,40.3,41.7,43.2,44.4,45.4,46.1,46.6,47.1,47.8,48.6,49.7,51.2,53.2,53.2,53.2
Europe,Cyprus,CYP,,,,,,,,,,,,,,,,0.0,0.0,0.0,0.0,0.0,0.0,0.0,0.0,0.0,0.0,0.0,0.0,0.0,0.0,0.0,0.0,0.0,0.57,1.14,1.71,2.29,2.86,2.48,2.2,1.97,1.79,2.38,2.98,3.57,4.17,4.76,5.36,5.36,5.36,5.36,5.36,5.36,6.43,7.5,8.57,9.64,10.7,11.4,12.1,12.9,13.6,14.3,13.6,12.9,12.1,11.4,10.7,13.3,14.7,15.6,16.2,16.7,16.8,17.1,17.9,19.6
Europe,Czech Republic,CZE,,,,,,,,,,,,,,,,,,,,,,,,,,,,,,,,,,,,,,,,,,,,,,,,10.0,11.2,12.3,13.1,13.9,13.9,13.9,13.5,12.3,14.9,15.7,15.7,15.7,15.5,15.3,16.7,18.1,19.6,21.0,20.2,17.3,20.8,16.1,18.3,19.1,22.0,16.1,20.6,20.3
Europe,Germany,DEU,,,,,,,,,,,,,,,,,,,,,,,,,,,,,,,,,,,,,,,,,,,,,,20.5,22.0,23.5,24.9,26.3,27.5,28.6,29.8,30.9,31.2,31.5,31.8,32.2,32.0,31.9,31.8,32.0,32.3,32.5,32.8,33.3,33.6,33.7,33.9,33.5,33.0,32.2,30.8,31.2,31.6,31.6
Africa,Djibouti,DJI,,,,,,,,,,,,,,,,,,,,,,,,,,,,,,,,,0.0,0.0,0.0,0.0,0.0,0.0,0.0,0.0,0.0,0.0,0.0,0.0,0.0,0.0,0.0,0.0,0.0,0.0,0.0,0.0,0.0,1.79,3.59,5.38,7.18,8.97,10.8,11.4,12.0,12.6,13.2,13.8,13.7,13.6,13.5,13.4,13.3,14.9,16.7,19.1,22.1,26.1,26.1,26.1
North America,Dominica,DMA,,,,,,,,,,,,,,,,,,,,,,,,,,,,,,,,,,,,13.3,12.7,12.0,11.3,10.7,10.0,11.3,12.7,14.0,15.3,16.7,15.1,13.6,12.2,10.8,9.38,11.3,13.1,15.0,16.9,18.8,17.6,16.5,15.3,14.1,12.9,12.8,12.7,12.6,12.5,19.2,20.0,20.7,21.3,21.9,22.5,23.1,23.8,24.4,25.0,34.4
Europe,Denmark,DNK,5.37,8.53,10.6,9.95,9.09,7.95,15.8,10.6,9.39,9.24,9.04,8.77,8.38,8.75,9.12,9.5,9.5,9.5,9.5,9.5,10.1,10.6,10.6,10.6,12.8,15.1,17.3,16.2,15.1,15.4,15.6,16.2,16.8,20.1,23.5,23.5,23.5,24.4,25.3,26.3,27.2,28.1,29.1,33.0,33.0,33.0,33.1,33.2,33.4,33.5,34.5,35.5,36.5,37.4,37.6,37.8,38.0,37.7,37.4,37.1,36.9,37.1,37.4,37.9,38.3,38.7,39.1,38.7,38.3,37.9,37.4,37.9,38.3,38.7,39.1,39.7
North America,Dominican Republic,DOM,,0.0,2.63,2.08,1.28,0.0,4.17,5.77,8.0,13.0,6.73,3.6,1.72,8.33,5.17,3.97,3.33,2.94,3.19,3.45,3.7,3.96,4.7,5.45,6.19,6.93,8.79,10.5,12.1,13.6,12.9,12.3,11.7,11.0,9.38,7.92,6.62,5.44,5.75,6.06,6.37,6.67,7.33,8.0,8.67,9.33,9.5,9.67,9.83,10.0,11.3,12.5,13.5,14.5,15.1,15.5,15.7,16.0,16.2,16.4,16.7,17.1,17.6,18.1,18.6,19.1,16.6,14.7,13.2,12.0,11.0,10.1,13.2,17.6,24.3,25.7
Africa,Algeria,DZA,,,,,,,,,,,,,,,,,,5.1,3.59,1.45,1.77,2.06,2.31,2.54,2.74,2.92,3.09,3.24,3.38,3.51,3.62,3.73,3.83,3.32,2.82,2.34,1.87,1.42,1.62,1.81,2.0,2.19,2.37,2.86,3.66,5.26,10.0,8.05,7.21,6.74,6.68,6.62,6.56,6.36,6.27,6.22,6.19,6.17,19.4,14.4,8.96,3.1,7.46,7.11,5.15,19.4,23.7,25.8,23.8,19.7,6.94,21.3,25.8,6.82,21.6,21.1
South America,Ecuador,ECU,,,,0.0,0.0,0.0,0.0,0.0,0.21,0.42,0.63,0.83,1.04,1.25,1.46,1.67,1.62,1.58,1.52,1.46,1.39,1.3,0.99,0.8,0.76,0.71,0.66,0.61,0.55,0.48,0.41,0.32,0.23,0.12,0.0,0.86,1.71,2.54,3.36,4.17,2.78,1.39,2.88,4.48,5.97,7.46,6.72,5.97,5.22,4.48,9.32,12.8,15.3,17.4,17.1,16.7,16.4,16.0,18.3,20.5,22.8,25.0,27.8,30.2,32.3,33.6,34.5,35.2,35.6,36.0,36.4,37.0,38.0,38.0,38.0,39.4
Africa,Egypt,EGY,,,,,,0.0,0.09,0.17,0.26,0.34,0.42,0.5,0.57,0.85,1.03,1.17,1.34,1.56,1.85,2.22,1.94,1.67,1.39,1.11,0.83,1.53,2.22,2.11,2.0,1.89,1.78,1.67,4.23,6.64,8.93,8.69,8.46,8.25,8.05,7.86,6.55,5.24,3.93,3.36,2.78,2.2,2.16,2.11,2.07,2.03,1.98,2.07,2.16,2.25,2.33,2.42,3.14,4.04,5.22,6.82,1.98,4.89,7.39,9.12,10.9,12.7,1.97,5.61,8.97,12.1,14.9,14.9,14.9,14.9,14.9,15.1
Africa,Eritrea,ERI,,,,,,,,,,,,,,,,,,,,,,,,,,,,,,,,,,,,,,,,,,,,,,,,,,20.9,21.0,21.1,21.1,21.2,21.2,21.3,21.3,21.4,21.4,21.5,21.5,21.6,21.6,21.6,21.7,21.7,21.7,21.8,21.8,21.8,21.9,21.9,21.9,22.0,22.0,
Europe,Spain,ESP,,0.34,0.34,0.33,0.33,0.33,0.33,0.34,0.31,0.29,0.28,0.28,0.29,0.29,0.33,0.38,0.42,0.45,0.49,0.53,0.67,0.81,0.96,1.0,1.04,1.07,1.11,1.54,2.02,2.55,3.13,3.79,4.52,4.68,4.85,5.05,5.25,5.45,6.03,6.61,7.2,7.78,9.49,11.2,12.9,13.3,13.7,14.2,14.6,15.7,16.9,18.0,20.0,22.0,24.0,25.9,27.1,28.2,29.4,30.5,31.0,31.4,31.8,32.1,32.8,33.7,34.9,36.1,37.3,38.5,39.7,38.8,39.6,40.6,41.9,41.9
Europe,Estonia,EST,,,,,,,,,,,,,,,,,,,,,,,,,,,,,,,,,,,,,,,,,,,,,,5.71,9.66,13.7,13.4,13.2,12.9,14.1,15.3,16.6,17.8,18.1,18.3,18.6,18.8,20.5,21.3,21.8,22.1,21.9,21.5,21.0,19.8,20.8,21.8,22.8,23.8,25.3,26.7,28.2,29.7,28.7
Africa,Ethiopia,ETH,,,,,,,,,,,,,0.82,0.98,1.14,1.31,1.47,1.63,1.56,1.49,1.43,1.37,1.32,1.27,1.22,1.18,1.14,1.1,1.07,0.93,0.81,0.71,0.62,0.54,0.47,0.41,0.36,0.31,0.26,0.22,0.19,0.15,0.12,0.39,0.67,0.97,1.28,1.62,1.99,2.37,2.79,3.77,4.75,5.72,6.69,7.65,11.9,15.1,17.5,19.5,21.1,21.6,22.3,23.1,24.2,25.5,27.9,30.3,32.7,35.0,37.3,37.3,37.3,37.3,37.3,37.3
Europe,Finland,FIN,9.0,9.67,10.3,11.0,11.7,12.3,13.0,13.7,14.3,15.0,14.9,14.8,14.6,14.5,14.4,14.3,14.1,14.0,14.6,15.3,15.9,16.5,16.5,16.5,16.5,16.5,19.0,21.5,22.0,22.5,23.0,23.8,24.5,25.3,26.0,27.1,28.3,29.4,30.5,30.8,31.0,31.3,31.5,33.4,35.3,37.1,39.0,37.6,36.3,34.9,33.5,34.4,35.3,36.1,37.0,37.1,37.3,37.4,37.5,39.2,40.3,41.1,41.8,41.9,42.0,42.2,42.5,42.3,42.0,41.8,41.5,42.9,44.3,45.6,47.0,46.0
Australia and Oceania,Fiji,FJI,,,,,,,,,,,,,,,,,,,,,,,,,,4.55,4.05,3.85,3.93,4.05,4.24,4.55,1.92,2.13,2.3,2.45,2.59,2.7,2.31,1.85,1.33,0.72,0.0,1.3,2.22,2.9,3.43,3.85,4.02,4.29,6.01,7.45,8.69,9.75,10.7,9.71,8.74,9.65,10.5,11.2,11.9,12.6,12.8,13.0,13.3,13.6,13.9,14.4,15.1,16.0,16.9,17.8,18.7,19.6,19.6,19.6
Europe,France,FRA,5.63,6.19,5.77,3.75,3.53,3.44,3.38,3.33,3.24,3.1,2.82,3.19,2.27,1.67,1.63,1.75,1.81,1.85,1.84,1.82,2.03,2.16,2.26,1.95,1.87,1.72,1.41,2.2,2.65,2.47,2.21,1.95,1.69,4.28,3.52,2.3,7.13,5.45,2.84,4.25,4.88,5.25,5.91,6.93,3.12,3.74,4.36,4.98,6.41,6.12,5.61,9.02,10.9,5.92,7.59,9.26,10.9,12.2,12.8,14.0,15.3,16.7,18.2,21.9,20.7,20.2,19.9,26.9,26.2,25.0,30.9,33.6,35.2,36.0,36.9,37.2
,"Micronesia, Fed. Sts.",FSM,,,,,,,,,,,,,,,,,,,,,,,,,,,,,,,,,,,,,,,,,,,,,,,,,0.0,0.0,0.0,0.0,0.0,0.0,0.0,0.0,0.0,0.0,0.0,0.0,0.0,0.0,0.0,0.0,0.0,0.0,0.0,0.0,0.0,0.0,0.0,0.0,0.0,0.0,0.0,0.0
Africa,Gabon,GAB,,,,,,,,,,,,,,,,,1.49,1.1,0.62,0.0,0.0,0.0,0.0,0.74,1.47,2.19,2.9,3.6,4.29,6.04,7.65,9.12,10.5,11.7,12.9,14.0,13.8,13.7,13.6,13.4,13.3,11.8,10.4,8.88,7.38,5.88,6.29,6.7,7.11,7.52,7.93,8.33,11.0,10.5,10.0,9.6,9.24,10.9,13.2,12.9,12.7,12.5,13.2,13.9,14.7,14.0,13.3,15.0,16.9,19.0,18.7,18.4,18.1,17.9,17.9,16.1
Europe,United Kingdom,GBR,3.75,3.67,3.6,3.52,3.44,3.36,2.72,2.99,3.27,3.54,3.81,3.85,3.89,3.93,3.97,4.1,4.22,4.35,4.48,4.6,4.37,4.13,4.13,4.13,4.13,4.13,4.05,4.0,3.96,3.94,3.83,3.7,3.53,3.31,2.99,3.13,3.27,3.4,3.54,4.23,4.92,5.62,6.31,6.89,7.47,8.05,8.64,9.22,8.07,7.34,6.83,6.83,11.5,14.6,8.84,15.7,17.5,14.6,16.7,17.8,18.5,18.9,19.7,19.7,20.0,22.3,22.6,22.6,22.6,23.4,26.8,24.9,28.5,28.7,28.9,30.0
Europe,Georgia,GEO,,,,,,,,,,,,,,,,,,,,,,,,,,,,,,,,,,,,,,,,,,,,,,7.2,6.78,6.31,6.52,6.73,6.93,7.0,7.08,7.16,7.23,7.59,7.84,8.03,8.18,8.3,8.08,7.74,7.17,6.0,7.5,9.0,10.5,12.0,10.6,9.83,9.4,9.11,9.91,11.4,14.8,14.1
Africa,Ghana,GHA,,,,,,,,,,,,,,,,9.62,9.62,9.62,9.62,9.62,9.62,7.08,4.92,3.05,1.43,1.64,1.86,2.07,2.29,2.5,2.71,2.93,3.14,3.36,3.57,4.04,4.48,4.9,5.29,5.66,6.01,6.34,6.65,6.95,7.23,7.5,7.76,8.0,8.25,8.5,8.75,9.0,9.0,9.0,9.0,9.0,9.52,10.0,10.4,10.9,10.1,9.39,8.64,7.89,8.34,8.76,9.16,9.54,9.91,10.3,10.6,10.9,11.6,12.4,13.1,13.1
Africa,Guinea,GIN,,,,,,,,,,,,,,,,,,,18.7,19.2,19.7,20.3,20.8,21.3,20.0,19.0,18.2,17.6,17.1,16.7,16.3,15.9,15.6,15.2,14.8,14.4,14.0,13.6,13.2,12.7,12.3,11.8,11.3,10.8,10.3,9.83,9.3,8.75,8.19,7.61,7.02,8.77,10.5,12.3,14.0,15.8,17.5,19.3,19.5,19.8,20.0,20.3,20.5,20.7,21.0,21.2,21.4,21.7,21.9,22.1,22.2,22.4,22.5,22.7,22.8,16.7
Africa,Gambia,GMB,,,,,,,,,,,,,,,,,,,,,,0.0,0.0,0.0,0.0,0.0,0.0,0.0,0.72,1.41,2.07,2.71,3.33,3.93,4.51,5.06,5.6,6.12,6.48,6.83,7.17,7.51,7.84,7.84,7.84,7.84,7.84,7.84,6.72,5.58,4.42,3.24,2.04,4.42,6.72,8.95,11.1,13.2,12.4,11.7,10.9,10.2,9.43,9.06,8.68,8.3,7.92,7.55,8.15,8.73,9.29,9.82,10.3,10.3,10.3,8.62
Africa,Guinea-Bissau,GNB,,,,,,,,,,,,,,,,,,,,,,,,,,,,8.33,9.61,10.7,11.8,12.7,12.9,13.2,13.4,13.7,13.9,14.2,14.4,14.7,15.7,16.8,17.9,18.9,20.0,18.6,16.9,15.0,12.7,10.0,9.56,9.13,8.7,8.27,7.84,9.06,10.3,11.5,12.8,14.0,13.0,12.0,11.0,10.0,10.6,11.3,11.9,12.5,13.1,13.7,13.7,13.7,13.7,13.7,13.7,13.7
Africa,Equatorial Guinea,GNQ,,,,,,,,,,,,,,,,,,,,,,,,5.71,5.45,5.22,5.0,4.8,4.62,4.44,4.29,4.14,4.0,3.87,3.75,3.64,3.53,3.43,3.33,5.33,7.33,9.33,11.3,13.3,11.9,10.6,9.44,8.42,7.5,7.08,6.67,6.25,5.83,5.42,5.0,11.1,13.5,14.7,15.5,16.0,15.2,14.0,11.7,6.0,9.82,12.8,15.2,17.2,18.8,18.7,18.7,18.6,18.5,18.8,19.2,19.2
Europe,Greece,GRC,,0.0,0.0,0.0,0.0,0.0,0.0,0.33,0.42,0.5,0.58,0.67,1.0,1.33,1.11,0.89,0.67,0.5,0.33,0.67,0.8,0.93,1.07,1.2,1.33,1.47,1.6,1.73,1.87,2.0,2.44,2.89,3.33,3.58,3.83,4.08,4.33,4.33,4.33,4.33,4.33,4.73,5.0,5.19,5.33,4.67,5.11,5.56,6.0,6.11,6.22,6.33,6.92,7.5,8.08,8.67,10.0,11.3,12.7,14.0,14.7,15.1,15.3,16.0,17.3,18.6,19.8,21.0,21.7,22.3,23.0,22.4,21.8,21.3,20.7,21.7
North America,Grenada,GRD,,,,,,,,,,,,,,,,,,,,,,,,,,,,14.3,14.3,14.3,14.3,14.3,13.8,13.3,12.8,12.3,11.8,11.3,10.8,10.3,11.0,11.6,12.3,12.9,13.6,14.3,13.6,12.9,12.1,11.4,10.7,12.5,14.3,16.1,17.9,20.5,23.2,25.9,28.6,27.1,25.7,24.3,22.9,21.4,23.2,25.0,26.8,28.6,30.4,32.1,33.9,35.7,37.5,39.3,39.3,39.3
North America,Guatemala,GTM,,,,,,,,,,1.52,0.0,0.0,0.0,0.0,0.0,0.0,0.0,0.0,0.0,0.0,0.67,1.82,1.87,1.92,1.98,2.04,2.54,3.03,3.52,4.0,3.77,3.57,3.39,3.23,3.27,3.3,3.33,3.36,3.39,3.41,7.0,6.59,6.2,5.84,5.5,5.17,5.61,6.12,6.74,7.5,12.5,10.8,9.33,8.11,7.08,7.44,7.75,8.01,8.23,9.18,10.1,11.1,12.0,12.3,12.7,13.0,13.3,13.4,13.6,13.8,13.9,15.3,16.7,18.0,19.4,19.4
South America,Guyana,GUY,,,,,,,,,,,,,,,,,,,,9.43,9.85,10.3,10.7,11.1,11.5,11.9,12.4,12.8,13.2,13.6,14.1,14.5,14.9,15.3,15.7,16.0,16.4,16.8,17.1,17.5,17.8,18.1,18.5,18.8,19.1,19.4,19.7,20.0,20.0,20.0,20.0,20.0,20.0,20.0,20.0,20.0,20.0,21.9,23.7,25.5,27.3,29.0,29.4,29.9,30.4,30.9,31.3,31.1,30.9,30.7,30.4,30.8,31.2,31.5,31.9,35.7
North America,Honduras,HND,,,,,0.0,0.0,0.0,0.0,0.0,0.0,1.7,3.43,5.17,4.89,4.62,4.36,4.1,3.85,3.6,3.36,3.13,4.19,5.26,6.35,7.45,8.56,9.68,9.17,8.68,8.21,7.74,7.3,6.86,6.44,6.03,5.63,8.54,8.18,7.91,7.69,7.52,8.16,8.81,9.48,10.2,9.38,8.59,7.81,7.03,7.23,7.42,7.62,7.81,7.23,6.64,6.05,5.47,9.96,14.4,18.9,23.4,22.1,20.7,19.3,18.0,19.9,21.9,23.8,25.8,24.6,23.4,22.3,21.1,21.1,21.1,21.1
Europe,Croatia,HRV,,,,,,,,,,,,,,,,,,,,,,,,,,,,,,,,,,,,,,,,,,,,,,,,5.8,4.41,6.67,7.87,6.46,5.15,10.6,15.8,20.5,19.6,18.7,17.8,18.6,19.3,20.1,20.9,21.6,22.4,23.1,23.8,21.4,18.9,16.4,13.9,13.9,15.2,17.2,20.5,31.1
North America,Haiti,HTI,,0.0,0.0,0.0,0.0,0.0,0.0,0.0,0.0,0.0,0.0,0.0,0.0,1.29,2.59,3.88,5.17,5.75,6.32,6.9,7.47,8.05,8.62,7.76,6.9,6.03,5.17,4.31,3.45,3.74,4.02,4.31,4.6,4.89,5.17,5.84,6.51,7.17,7.82,8.47,6.05,4.29,2.96,1.92,2.34,2.73,2.74,2.76,2.77,2.79,2.8,1.86,0.0,4.59,7.3,9.09,9.52,10.0,10.7,11.4,12.3,13.6,4.08,4.72,6.9,4.0,3.59,3.21,2.84,2.48,2.14,2.33,2.59,2.69,2.74,0.0
Europe,Hungary,HUN,2.85,4.09,5.35,11.4,17.7,17.6,17.6,17.5,17.4,17.6,17.8,18.0,18.2,18.3,18.3,18.3,18.3,18.3,18.2,18.6,19.0,19.4,19.8,20.8,21.8,22.9,23.9,25.1,26.3,27.5,28.7,29.0,29.3,29.6,29.8,30.1,28.1,26.1,24.3,22.5,20.7,18.0,15.3,12.6,9.95,7.25,8.29,9.33,10.4,11.4,10.6,9.84,9.07,8.29,8.49,8.63,8.72,8.8,9.02,9.32,9.74,10.4,10.0,9.72,9.39,9.07,9.14,9.23,9.36,9.55,10.3,11.1,11.8,12.6,12.6,12.1
Asia,Indonesia,IDN,,,,,,3.1,3.57,4.11,4.72,5.42,6.25,6.23,6.21,6.2,6.18,9.21,9.04,8.87,8.72,8.57,8.42,8.29,7.85,7.49,7.38,7.27,7.17,7.21,7.25,7.28,7.32,7.36,7.39,7.74,8.09,8.43,8.78,9.13,9.83,10.5,11.2,11.8,12.4,12.4,12.3,12.3,12.2,12.2,12.3,12.4,12.4,12.5,12.6,10.3,8.0,8.71,9.38,10.0,10.7,11.3,13.3,14.7,15.8,16.6,17.2,17.2,17.1,17.0,16.9,16.8,16.9,17.0,17.1,17.3,17.4,20.4
Asia,India,IND,,,,,,,3.82,6.94,7.36,7.76,8.2,8.62,5.48,9.48,9.83,10.2,7.79,7.04,7.47,8.82,9.24,9.66,5.93,9.17,7.5,5.83,4.05,7.41,7.2,7.0,8.42,9.84,3.33,10.3,7.9,7.17,7.8,9.84,9.15,8.94,9.25,10.3,10.2,10.2,4.99,9.8,7.23,6.94,7.55,8.16,7.54,7.34,7.79,8.26,8.44,8.98,9.59,10.2,9.51,9.3,9.64,10.7,10.8,10.8,10.8,10.3,10.1,9.8,11.2,11.6,11.9,11.9,11.7,11.4,13.5,13.1
Europe,Ireland,IRL,,,,3.86,3.86,3.86,3.86,3.86,3.86,3.86,4.03,4.19,4.35,4.0,3.65,3.3,2.94,3.31,3.68,4.04,4.41,4.29,4.18,4.06,3.94,3.94,3.94,3.94,3.94,4.41,4.87,5.32,5.77,6.47,7.14,7.79,8.41,9.73,10.0,9.11,8.74,8.54,8.41,8.41,8.41,9.39,10.6,12.1,13.3,13.6,13.7,13.7,13.7,13.8,13.8,13.8,13.9,13.9,14.1,14.3,14.6,15.0,15.5,16.1,16.5,16.8,17.1,18.1,19.2,20.4,21.6,23.0,23.3,23.7,24.3,27.3
Asia,Iran,IRN,,,0.0,0.0,0.0,0.0,0.0,0.0,0.0,0.0,0.44,0.85,1.23,1.59,1.93,2.25,2.55,2.83,3.1,3.13,3.17,3.2,3.23,4.12,4.94,5.7,6.4,6.48,6.55,6.63,6.71,5.82,4.86,3.82,2.7,1.48,1.48,1.48,1.48,1.48,1.48,1.48,1.48,1.48,1.96,2.45,2.94,3.45,3.59,3.73,3.88,4.03,3.87,3.72,3.58,3.45,3.62,3.79,3.97,4.14,3.79,3.45,3.1,2.76,2.84,2.93,3.02,3.1,3.66,4.03,4.29,4.49,4.77,5.19,5.88,5.59
Asia,Iraq,IRQ,,,,0.0,0.0,0.0,0.0,0.0,0.0,0.0,0.0,0.0,0.0,0.0,0.49,0.94,1.37,1.77,2.15,2.51,2.85,3.18,3.48,3.77,4.05,4.31,4.57,4.81,5.04,5.26,5.47,5.67,5.86,6.05,6.23,6.4,8.1,9.8,11.5,13.2,12.7,12.2,11.8,11.3,10.8,10.2,9.54,8.91,8.29,7.66,7.03,6.4,6.7,7.0,7.3,7.6,12.7,17.7,22.4,27.1,31.5,30.1,28.7,27.5,26.3,25.2,25.3,25.3,25.3,25.3,25.3,25.3,25.3,25.2,25.2,26.4
Europe,Iceland,ISL,,1.92,2.56,3.21,3.85,2.88,1.92,0.96,0.0,0.64,1.28,1.92,2.78,3.26,3.57,3.28,2.91,2.4,1.67,1.67,1.67,1.67,1.67,2.5,3.33,4.17,5.0,5.0,5.0,5.0,5.0,5.0,5.0,5.0,5.0,7.5,10.0,12.5,15.0,16.5,17.9,19.3,20.6,21.4,22.2,23.0,23.8,24.2,24.6,25.0,25.4,27.8,30.2,32.5,34.9,33.7,32.5,31.4,30.2,31.1,31.8,32.2,32.5,36.0,42.9,42.1,41.3,40.5,39.7,42.1,43.5,44.4,38.1,38.1,38.1,38.1
Asia,Israel,ISR,,,,,10.8,10.0,9.17,9.17,9.17,9.17,9.17,8.75,8.33,7.92,7.5,7.92,8.33,8.13,7.92,7.71,7.5,7.29,7.08,6.88,6.67,6.67,6.67,6.67,6.67,6.67,6.67,6.67,6.67,6.88,7.08,7.29,7.5,7.78,8.06,8.33,7.92,7.5,7.08,6.67,7.29,7.92,8.54,9.17,9.52,9.88,10.2,10.6,10.9,11.3,11.7,12.5,13.3,14.2,15.0,14.7,14.4,14.2,15.3,16.4,17.5,19.3,20.6,21.4,22.1,24.1,24.8,24.7,24.6,24.3,23.3,27.5
Europe,Italy,ITA,,3.78,4.69,5.24,5.03,4.8,4.57,4.33,4.08,3.93,3.77,3.62,3.47,3.31,3.39,3.47,3.54,3.61,3.68,3.53,3.38,3.24,3.09,2.94,2.99,3.05,3.1,3.15,3.89,4.62,5.36,6.09,6.27,6.44,6.62,6.67,6.72,6.76,6.81,7.81,8.81,9.8,10.8,10.3,9.91,9.46,9.02,8.58,10.8,13.0,11.5,10.0,9.72,9.44,9.19,8.97,8.77,9.92,11.2,12.6,14.2,16.1,18.1,20.1,22.9,24.8,26.1,27.0,27.8,28.5,29.5,30.8,32.7,35.6,35.3,35.3
North America,Jamaica,JAM,,,,,,,,,,,,,,,,,,,,,,,5.41,5.68,5.95,6.22,6.49,6.76,7.59,8.39,9.15,9.88,10.5,11.1,11.7,12.3,12.3,12.3,12.3,11.7,11.1,10.5,9.88,9.26,8.64,9.57,10.5,11.4,12.3,12.3,12.3,12.3,12.3,12.6,12.8,13.1,13.3,13.6,13.6,13.6,13.6,13.6,13.6,13.4,13.2,13.0,12.7,23.8,18.6,17.3,16.7,16.3,16.9,17.8,19.1,30.9
Asia,Jordan,JOR,,0.0,0.0,0.0,0.0,0.0,0.0,0.0,0.0,0.0,0.0,0.0,0.0,0.0,0.0,0.0,0.0,0.0,0.0,0.0,0.0,0.0,0.0,0.0,0.0,0.0,0.0,0.0,0.0,0.0,0.0,0.0,0.0,0.0,0.0,0.0,0.0,0.0,0.0,0.0,0.42,0.61,0.71,0.78,0.83,1.25,1.67,2.08,2.5,2.14,1.88,1.67,1.5,2.4,3.36,4.38,5.47,6.63,7.88,8.64,10.9,9.09,8.48,9.8,11.1,12.2,11.7,11.6,11.6,12.1,12.5,13.0,13.5,14.2,15.4,13.8
Asia,Japan,JPN,,8.37,3.49,3.13,2.58,4.8,2.93,1.93,3.35,2.7,1.71,6.0,3.63,2.36,5.2,1.5,3.21,6.4,1.5,3.35,6.83,3.27,1.44,5.2,1.65,2.85,5.18,1.43,3.36,7.14,3.15,1.17,6.4,3.55,2.15,3.41,3.42,3.42,3.42,3.55,3.67,3.8,5.12,7.5,13.1,2.34,6.41,14.7,2.74,6.42,13.9,4.6,8.78,17.1,10.7,7.29,15.4,9.9,7.08,13.6,8.03,11.3,17.8,14.5,11.3,18.2,11.4,7.92,17.1,9.47,13.9,18.2,16.6,15.4,14.5,14.4
Asia,Kazakhstan,KAZ,,,,,,,,,,,,,,,,,,,,,,,,,,,,,,,,,,,,,,,,,,,,,,6.67,7.4,8.38,9.76,11.9,12.2,11.9,11.8,11.7,11.6,11.2,10.4,7.69,9.48,10.4,5.13,13.0,15.9,3.8,3.9,4.05,4.26,24.3,18.8,6.38,23.0,26.6,10.6,19.4,22.1,24.5
Africa,Kenya,KEN,,,,,,,,,,,,,,,,,,,0.0,0.2,0.39,0.58,0.78,0.97,1.16,1.63,2.09,2.56,3.02,3.49,3.37,3.26,3.14,3.02,2.91,2.62,2.33,2.03,1.74,1.6,1.46,1.32,1.19,1.06,1.57,2.05,2.52,2.97,2.97,2.97,2.97,2.97,2.97,3.88,4.74,5.58,6.38,7.14,7.59,8.04,8.48,8.93,9.38,10.3,11.1,11.8,12.5,13.1,13.7,16.8,19.3,21.4,23.3,23.3,23.3,23.3
,Kyrgyzstan,KGZ,,,,,,,,,,,,,,,,,,,,,,,,,,,,,,,,,,,,,,,,,,,,,,6.29,6.33,6.38,6.44,6.53,6.67,6.4,6.02,5.45,4.45,2.33,1.62,1.08,0.64,0.29,0.0,13.9,25.6,24.7,23.9,23.3,22.5,21.7,20.8,20.0,19.2,19.2,19.2,19.2,19.2,19.2
Asia,Cambodia,KHM,,,,,,,,,,,0.0,0.31,0.67,1.12,0.81,0.52,0.25,0.0,0.0,0.0,0.0,0.0,0.56,1.04,1.45,1.81,2.13,2.41,7.75,12.0,15.5,18.4,18.4,18.5,18.6,18.7,18.8,19.0,19.1,19.3,19.5,19.7,21.4,18.7,16.1,13.5,10.9,8.37,5.83,6.31,6.79,7.26,7.73,8.2,13.1,11.8,10.9,10.2,9.76,11.2,12.7,14.2,15.2,16.3,17.1,17.9,18.7,19.5,20.3,19.1,18.2,17.4,16.6,16.0,19.3,18.7
Australia and Oceania,Kiribati,KIR,,,,,,,,,,,,,,,,,,,,,,,,,,,,,,,,,,0.0,0.0,0.0,0.0,0.0,0.0,0.0,0.0,0.0,0.0,0.0,0.0,0.0,0.0,0.0,0.0,0.0,1.21,2.41,3.59,4.76,4.76,4.76,4.76,4.76,4.76,4.65,4.55,4.44,4.35,5.43,6.52,7.61,8.7,8.15,7.61,7.07,6.52,6.52,6.52,6.52,6.52,8.89
,St. Kitts and Nevis,KNA,,,,,,,,,,,,,,,,,,,,,,,,,,,,,,,,,,,,,,,,6.67,6.67,6.67,6.67,6.67,6.67,6.56,6.45,6.35,6.25,9.68,13.3,13.3,13.3,13.3,13.3,13.3,10.0,6.67,3.33,0.0,1.11,2.22,3.33,4.44,5.56,6.67,8.0,9.33,10.7,12.0,13.3,13.3,13.3,13.3,13.3,25.0
,"Korea, South",KOR,,,,0.5,0.73,0.95,0.84,0.73,0.61,0.49,0.71,0.92,1.11,1.29,0.76,0.34,0.53,0.78,1.14,1.29,1.43,1.57,1.71,1.92,2.11,2.29,2.45,4.02,5.48,5.06,4.65,4.24,3.85,3.46,3.39,3.32,3.26,3.17,3.08,2.99,2.9,2.59,2.29,2.01,2.01,2.01,2.01,2.01,2.26,2.51,2.76,3.01,3.73,4.11,4.34,4.5,5.41,6.5,7.83,9.47,10.1,10.9,12.1,13.7,14.2,14.7,15.2,15.7,16.1,16.3,16.5,16.7,16.7,16.7,16.7,19.0
Asia,Kuwait,KWT,,,,,,,,,,,,,,,,,,0.0,0.0,0.0,0.0,0.0,0.0,0.0,0.0,0.0,0.0,0.0,0.0,0.0,0.0,0.0,0.0,0.0,0.0,0.0,0.0,0.0,0.0,0.0,0.0,0.0,0.0,0.0,0.0,0.0,0.0,0.0,0.58,1.2,1.84,2.52,3.23,3.97,4.76,3.14,1.87,0.84,0.0,0.51,1.03,1.54,2.31,3.08,7.69,5.61,4.7,4.19,80.0,8.0,3.4,1.74,2.37,3.27,4.62,6.35
,Laos,LAO,,,,,,,,,,,0.0,0.0,0.0,0.0,0.0,0.0,0.0,0.0,0.0,0.0,0.0,0.0,0.0,0.68,1.36,2.03,2.71,3.39,4.91,6.71,8.89,8.58,8.31,8.06,7.83,7.63,7.43,7.26,7.1,6.94,6.8,6.67,6.55,6.44,6.33,7.41,8.43,9.41,12.1,14.6,16.9,19.1,21.2,21.6,21.9,22.3,22.6,22.9,23.5,24.1,24.7,25.2,25.2,25.1,25.1,25.0,25.0,25.6,26.1,26.6,27.1,27.5,27.5,27.5,27.5,27.5
Asia,Lebanon,LBN,,,0.0,0.0,0.0,0.0,0.0,0.0,0.0,0.0,0.0,0.0,0.0,0.0,0.0,0.0,0.0,0.0,0.0,0.0,0.0,0.0,0.0,0.0,0.0,0.0,0.0,0.0,0.15,0.29,0.44,0.57,0.71,0.84,0.96,1.08,1.2,1.32,1.44,1.55,1.65,1.76,1.86,1.96,2.06,2.16,2.25,2.34,2.34,2.34,2.34,2.34,2.34,2.34,2.34,2.34,2.81,3.28,3.75,4.22,4.69,4.3,3.91,3.52,3.13,3.3,3.47,3.65,3.82,3.99,4.17,4.34,4.51,4.69,4.69,4.69
Africa,Liberia,LBR,,,,,,,,,,,,,,,,,,,,,,,,,,,,,,,,,,,,,,,,,,,,,,,,,,5.71,8.75,10.2,11.1,10.3,9.38,8.43,7.44,6.38,5.26,8.82,13.8,13.3,12.7,12.2,11.7,11.2,10.7,11.0,11.7,13.3,11.4,10.5,9.86,10.9,11.7,9.71
Africa,Libya,LBY,,,,,,,,0.0,0.0,0.0,0.0,0.0,0.0,0.0,0.0,0.0,0.0,0.0,0.0,0.0,0.0,2.52,3.85,4.66,5.22,5.62,5.92,6.16,6.35,6.51,6.64,6.75,6.84,6.93,7.0,7.06,7.12,7.17,7.22,7.26,7.3,7.33,7.37,7.4,7.42,7.45,7.47,7.49,7.51,7.53,7.55,7.57,7.58,7.6,7.61,7.63,7.64,7.65,7.66,7.67,7.68,7.69,8.39,9.24,10.3,11.8,13.7,16.5,16.2,16.0,16.0,16.0,16.0,16.0,16.0,16.0
,St. Lucia,LCA,,,,,,,,,,,,,,,,,,,,,,,,,,,,,,,,,,,7.14,8.33,9.52,10.7,9.93,9.15,8.39,7.64,6.9,8.33,9.79,11.3,12.8,14.3,14.2,14.1,14.1,14.1,14.0,15.0,16.3,18.1,20.7,16.6,12.7,9.2,5.92,2.86,27.3,23.5,20.7,18.5,16.7,18.2,17.7,17.5,17.4,17.4,18.2,19.2,20.7,20.7
Europe,Liechtenstein,LIE,,,,,,,,,,,,,,,,,,,,,,,,,,,,,,,,,,,,,,,,,,6.67,5.45,4.62,4.0,4.8,5.33,5.71,6.0,5.71,5.33,4.8,4.0,6.0,8.0,10.0,12.0,15.0,18.0,21.0,24.0,24.0,24.0,24.0,24.0,23.0,22.0,21.0,20.0,18.0,16.0,14.0,12.0,12.0,12.0,12.0
Asia,Sri Lanka,LKA,,,2.29,2.44,2.6,2.75,2.9,3.05,3.05,3.05,3.05,3.05,2.93,2.83,2.75,2.67,2.67,2.67,2.67,2.67,2.67,2.78,2.89,2.99,3.1,3.21,3.1,2.99,2.88,2.76,2.64,2.51,2.38,2.65,2.91,3.16,3.39,3.61,3.83,4.03,4.22,4.4,4.58,4.75,4.91,5.0,5.08,5.16,5.25,5.33,5.11,4.89,4.67,4.44,4.22,4.0,4.44,4.59,4.74,4.89,4.96,5.04,5.11,5.19,5.26,5.33,5.24,5.16,5.07,4.98,4.89,5.0,5.11,5.22,5.33,5.38
Africa,Lesotho,LSO,,,,,,,,,,,,,,,,,,,,,3.23,3.63,4.03,4.44,4.84,5.24,5.65,6.05,6.45,5.98,5.5,5.01,4.51,4.0,3.47,2.93,2.37,1.8,1.22,0.62,0.0,1.86,3.49,4.93,6.2,7.34,8.54,9.84,11.2,11.1,11.0,10.8,10.7,10.6,12.6,14.3,15.7,17.0,18.5,20.0,21.6,23.1,24.7,24.8,25.0,25.2,25.3,25.5,25.3,25.1,24.8,23.9,22.9,22.9,23.0,23.0
Europe,Lithuania,LTU,,,,,,,,,,,,,,,,,,,,,,,,,,,,,,,,,,,,,,,,,,,,,,9.93,8.51,7.09,9.82,12.6,15.4,18.3,16.3,14.4,12.5,10.6,13.1,15.6,18.1,20.6,19.9,19.1,18.4,17.7,19.4,21.1,22.8,24.5,23.6,23.0,22.6,22.3,22.1,21.8,21.3,24.1
Europe,Luxembourg,LUX,0.0,0.0,0.0,0.0,0.0,0.0,0.0,0.0,0.0,0.0,0.0,0.0,0.0,0.0,0.0,0.0,0.0,0.0,0.0,0.0,0.89,1.79,2.68,3.57,3.83,4.09,4.35,4.6,4.84,5.08,6.78,8.47,10.2,11.9,13.6,13.2,12.8,12.4,12.0,11.7,12.0,12.3,12.7,13.0,13.3,14.7,16.0,17.3,18.7,20.0,19.3,18.7,18.0,17.3,16.7,17.3,18.0,18.7,19.3,20.0,21.0,22.0,23.0,24.0,25.0,25.8,26.7,27.5,28.3,26.7,25.0,23.3,21.7,20.0,25.0,30.0
Europe,Latvia,LVA,,,,,,,,,,,,,,,,,,,,,,,,,,,,,,,,,,,,,,,,,,,,,,4.48,6.57,9.73,15.0,15.4,15.8,16.2,16.6,17.0,17.3,17.5,17.8,18.0,18.3,18.5,18.8,19.0,19.0,19.0,19.0,19.0,23.0,21.7,20.3,19.0,22.0,25.0,28.0,31.0,30.0,30.0
Africa,Morocco,MAR,,,,,,,,,,,,,,,,,,,0.0,0.0,0.0,0.0,0.0,0.0,0.0,0.0,0.0,0.0,0.0,0.0,0.0,0.0,0.0,0.0,0.0,0.0,0.0,0.0,0.0,0.0,0.07,0.14,0.21,0.28,0.35,0.41,0.48,0.54,0.6,0.63,0.65,0.66,0.67,0.62,0.53,0.37,6.05,10.8,1.11,1.11,1.11,1.11,10.5,6.72,2.22,13.1,16.8,16.6,16.1,15.2,11.7,18.7,18.7,18.6,18.4,18.4
Europe,Monaco,MCO,,,,,,,,,,,,,,,,,,,5.56,5.56,5.56,5.56,5.56,5.56,5.56,5.56,5.56,5.56,5.56,5.56,6.67,7.78,8.89,10.0,11.1,11.1,11.1,11.1,11.1,11.1,11.1,11.1,11.1,11.1,10.0,8.89,7.78,6.67,5.56,8.89,12.2,15.6,18.9,22.2,21.9,21.6,21.3,21.1,20.8,21.7,22.5,23.3,24.2,25.0,24.2,23.3,22.5,21.7,20.8,23.3,25.8,28.3,30.8,33.3,33.3,33.3
Europe,Moldova,MDA,,,,,,,,,,,,,,,,,,,,,,,,,,,,,,,,,,,,,,,,,,,,,,2.11,2.33,2.69,3.32,4.81,5.57,6.34,7.13,7.92,9.57,11.2,12.9,15.1,17.3,19.6,21.8,23.1,23.8,24.2,24.4,18.8,18.6,18.3,18.1,17.8,19.4,21.0,22.6,24.2,25.7,24.8
Africa,Madagascar,MDG,,,,,,,,,,,,,,,,0.0,0.25,0.5,0.75,1.01,1.27,2.29,3.32,4.35,5.4,6.45,6.0,5.53,5.04,4.54,4.02,3.48,2.92,2.68,2.43,2.19,1.95,1.7,1.46,2.31,3.16,4.0,4.84,5.68,6.52,5.8,5.07,4.35,3.62,4.56,5.46,6.34,7.18,8.0,8.72,9.7,11.1,3.75,4.44,5.21,6.04,6.97,8.0,13.6,12.4,12.1,14.0,15.8,17.5,17.7,19.1,17.9,17.4,17.1,16.9,18.3
Asia,Maldives,MDV,,,,,,,,,,,,,,,,,,,,,,,,,,,,,,,,,,,4.17,3.75,3.33,2.92,2.5,2.08,2.92,3.75,4.58,5.42,6.25,6.25,6.25,6.25,6.25,6.25,6.25,6.19,6.12,6.06,6.0,7.0,8.0,9.0,10.0,11.0,12.0,10.1,8.66,7.47,6.49,6.36,6.23,6.11,6.0,5.88,5.62,5.36,5.1,4.85,4.6,4.6
North America,Mexico,MEX,,,,,,,,0.62,1.23,1.85,2.47,3.29,4.12,4.94,4.68,4.47,4.29,4.78,5.2,5.56,5.6,5.65,5.71,5.36,5.07,4.81,5.24,5.63,6.0,6.64,7.2,7.69,7.71,7.73,7.75,9.26,10.6,11.8,11.6,11.3,11.0,11.6,12.0,12.4,10.7,8.98,7.27,9.62,11.8,13.8,13.8,13.8,13.8,14.5,15.2,15.9,17.8,20.0,22.6,23.0,23.3,23.4,24.3,25.7,28.2,31.2,33.8,36.0,37.8,39.9,42.4,44.7,46.7,48.4,48.4,48.4
Australia and Oceania,Marshall Islands,MHL,,,,,,,,,,,,,,,,,,,,,,,,,,,,,,,,,,,,,,,,,,,,,,,3.03,3.03,3.03,3.03,3.03,3.03,3.03,3.03,3.03,3.03,3.03,3.03,3.03,3.03,3.03,3.03,3.03,3.03,3.03,3.03,3.03,4.55,6.06,7.58,9.09,8.33,7.58,6.82,6.06,6.06
,Macedonia,MKD,,,,,,,,,,,,,,,,,,,,,,,,,,,,,,,,,,,,,,,,,,,,,,4.17,3.96,3.75,3.54,3.33,4.38,5.42,6.46,7.5,10.0,12.5,15.0,17.5,20.2,22.9,25.6,28.3,29.4,30.0,30.2,30.4,30.9,31.4,32.0,32.5,32.9,33.3,35.3,37.2,39.2,38.3
Africa,Mali,MLI,,,,,,,,,,,,,,,,,,,,1.25,1.41,1.58,1.74,1.9,2.07,2.23,2.39,2.55,2.71,2.87,3.03,3.19,3.34,3.5,3.66,3.25,2.85,2.44,2.85,3.25,3.66,4.47,5.28,6.1,4.8,3.79,2.99,2.33,4.52,6.61,8.58,10.5,12.2,11.8,11.4,11.0,10.6,10.2,10.2,10.2,10.2,10.2,10.2,10.1,9.98,9.86,9.75,9.64,9.52,9.52,9.52,9.52,9.52,9.52,9.52,27.9
Europe,Malta,MLT,,,,,,,,,,,,,,,,,,,,,,4.0,3.92,3.85,3.77,3.7,3.64,3.51,3.39,3.28,3.17,3.08,3.08,3.08,3.08,3.08,3.08,3.05,3.02,2.99,2.96,2.93,2.9,2.64,2.37,2.1,1.82,1.54,2.82,4.1,5.38,6.67,7.95,9.23,8.92,8.62,8.31,8.0,7.69,7.9,8.11,8.31,8.5,8.7,9.83,10.9,12.1,13.2,14.3,13.7,13.1,12.6,11.9,13.4,14.9,13.4
,Burma (Myanmar),MMR,,,1.27,1.32,1.36,1.41,1.45,1.49,1.52,1.56,1.59,1.62,1.65,1.68,1.71,1.73,1.76,1.78,1.8,1.82,1.84,1.86,1.88,1.9,1.92,1.93,1.95,1.97,1.98,2.0,2.15,2.3,2.44,2.59,2.64,2.69,2.74,2.78,2.83,2.88,2.92,2.97,3.02,3.06,3.11,3.16,3.2,3.25,3.29,3.34,3.38,3.43,3.47,3.52,3.56,3.61,3.65,3.7,3.74,3.79,3.83,3.87,3.92,3.96,4.01,4.05,5.84,7.63,9.43,11.2,13.0,12.6,12.2,11.9,11.6,11.4
Europe,Montenegro,MNE,,,,,,,,,,,,,,,,,,,,,,,,,,,,,,,,,,,,,,,,,,,,,,,,,,,,,,,,,,,,,,8.64,8.64,8.64,8.64,9.88,11.7,14.8,17.3,18.9,20.1,21.0,22.5,24.7,28.4,22.2
Asia,Mongolia,MNG,,,,,,,20.0,20.8,21.6,22.4,18.7,14.4,9.44,13.6,17.5,21.0,20.6,20.3,20.0,20.6,21.1,21.6,21.7,21.8,21.9,22.2,22.4,22.7,22.9,23.0,23.0,23.1,23.2,23.5,23.8,24.0,24.3,24.4,24.5,24.6,24.8,24.9,18.5,12.6,7.17,2.09,2.37,3.95,4.93,5.92,6.91,7.89,8.55,9.21,9.87,10.5,9.6,8.67,7.72,6.76,5.86,5.48,5.26,5.13,5.74,6.73,8.54,13.0,14.2,14.9,15.4,15.8,16.1,16.6,17.3,17.3
Africa,Mozambique,MOZ,,,,,,,,,,,,,,,,,,,,,,,,,,,,,,,,,12.4,13.2,14.0,14.7,15.4,16.0,15.9,15.8,15.8,15.7,16.9,18.1,19.3,20.4,21.6,22.8,24.0,25.2,26.2,27.1,28.1,29.0,30.0,31.0,31.9,32.9,33.8,34.8,35.7,36.6,37.4,38.3,39.2,39.3,39.4,39.4,39.5,39.6,39.9,40.2,40.6,40.9,41.2,42.4
Africa,Mauritania,MRT,,,,,,,,,,,,,,,,,,,,,0.0,0.0,0.0,0.0,0.0,0.0,0.0,0.91,1.67,2.31,2.86,2.55,2.27,2.02,1.79,1.58,1.39,1.22,1.05,0.9,0.76,0.63,0.51,0.39,0.29,0.18,0.09,0.0,0.56,1.11,1.67,2.22,2.42,2.65,2.92,3.27,3.7,5.36,9.89,13.3,15.8,17.9,17.0,16.3,14.3,17.1,19.2,20.8,22.1,21.6,21.1,20.8,20.5,20.3,20.3,20.3
Africa,Mauritius,MUS,,,,,,,,,,,,,,,,,,,,,,,0.0,0.48,0.95,1.43,1.9,2.38,2.86,3.33,3.81,4.29,4.29,4.29,4.29,4.29,4.29,4.29,5.71,6.07,6.43,6.79,7.14,6.07,5.0,3.93,2.86,3.99,5.15,6.34,7.58,7.19,6.8,6.43,6.07,5.71,8.0,10.3,12.6,14.9,17.1,17.5,17.8,18.2,18.5,18.8,17.0,15.2,13.4,11.6,13.3,15.0,16.7,18.3,20.0,20.0
Africa,Malawi,MWI,,,,,,,,,,,,,,,,,,,,,,,,,,,6.67,6.73,6.78,6.82,6.86,6.9,8.05,9.2,8.24,7.34,6.5,5.7,4.95,5.97,6.91,7.76,8.54,9.26,9.92,10.5,11.1,11.6,8.36,5.65,6.21,6.75,7.26,7.76,8.25,9.47,10.7,12.0,13.3,14.6,15.9,17.1,18.4,19.6,20.8,20.0,19.2,18.3,17.5,16.7,17.9,19.2,20.4,21.7,22.9,22.9
Asia,Malaysia,MYS,,,,,,,,,,,,,,,2.13,0.0,0.0,0.0,0.0,1.52,3.45,3.45,3.45,3.45,2.48,3.45,3.45,3.7,3.7,3.37,3.7,9.26,9.26,5.77,9.26,10.4,10.4,6.79,10.4,13.2,13.2,6.96,13.2,15.8,18.0,9.13,18.0,14.8,14.8,14.8,11.1,23.1,17.4,17.4,9.92,26.1,17.4,17.4,37.0,13.2,25.7,25.7,27.7,14.6,28.1,24.3,24.3,24.3,15.6,28.8,23.1,22.5,22.1,13.9,15.5,15.9
Africa,Namibia,NAM,,,,,,,,,,,,,,,,,,,,,,,,,,,,,,,,,,,,,,,,,,,,,6.41,6.15,5.77,5.13,3.85,14.4,17.9,16.5,13.8,7.69,25.0,25.5,25.9,26.3,26.6,26.9,26.5,26.1,25.6,25.0,24.4,26.9,35.2,38.5,40.2,41.4,23.8,30.7,33.9,35.8,37.0,36.3
Africa,Niger,NER,,,,,,,,,,,,,,0.0,0.0,0.0,0.0,0.0,0.0,0.0,0.0,0.0,0.0,0.0,0.0,0.0,0.5,0.97,1.39,1.78,2.15,2.48,2.8,3.09,3.37,3.62,3.87,4.09,4.31,4.51,4.7,4.88,5.06,5.22,5.38,7.41,20.0,8.16,6.02,4.82,3.61,1.2,1.2,1.2,1.2,4.04,6.53,8.71,10.7,12.4,11.9,11.4,10.8,10.3,9.82,11.6,13.3,13.6,13.8,13.9,14.0,14.1,14.8,15.7,17.0,17.0
Africa,Nigeria,NGA,,,,,,,,,,,,,,,,,,,,,,,,,,,,,,,,,,,,,,,,,,,,,,,,2.05,2.15,2.28,2.43,2.6,2.82,3.08,3.42,3.68,3.91,4.11,4.28,4.98,5.67,6.37,7.07,6.23,5.39,4.54,3.69,4.37,4.79,5.08,5.29,5.14,4.93,4.61,4.11,4.5
North America,Nicaragua,NIC,,,,0.0,0.0,0.0,0.0,0.0,0.0,0.0,0.0,0.0,0.0,0.0,0.0,0.0,0.0,0.0,0.0,0.0,0.0,0.0,0.0,2.37,4.39,6.14,7.66,9.0,8.5,8.0,9.53,11.4,13.9,17.1,21.6,19.5,17.9,16.7,15.6,14.8,15.0,15.3,15.6,15.8,16.1,16.3,15.2,14.1,13.0,11.9,10.8,9.68,11.8,14.0,16.2,18.4,20.6,19.6,18.5,17.4,16.3,15.2,20.2,25.2,30.2,35.2,40.2,41.3,42.1,42.7,43.1,43.5,43.7,44.0,44.6,47.3
Europe,Netherlands,NLD,,4.0,4.0,4.0,3.71,3.2,2.0,5.33,5.14,4.8,4.0,7.47,7.78,8.3,9.33,5.33,7.2,8.0,8.44,8.0,7.2,5.33,8.0,7.11,5.33,2.33,1.33,10.0,8.0,4.0,3.2,2.86,2.67,4.57,8.0,16.0,15.1,16.7,21.3,21.1,20.9,20.9,26.7,22.7,21.3,22.7,26.7,29.7,31.5,32.7,22.7,29.3,33.3,36.0,28.0,31.0,32.8,34.0,35.1,35.5,36.0,36.7,34.7,37.7,39.5,40.7,36.0,38.7,37.9,36.7,34.7,35.6,36.0,34.7,33.8,35.1
Europe,Norway,NOR,4.67,4.67,4.67,4.67,4.67,4.67,4.67,4.67,4.67,5.17,5.67,6.17,6.67,7.17,7.67,8.17,8.67,8.5,8.33,8.17,8.0,8.33,8.67,9.0,9.33,10.9,12.5,14.0,15.5,17.6,19.7,21.8,23.9,24.4,24.8,25.3,25.8,28.0,30.1,32.3,34.4,34.8,35.1,35.4,35.8,36.7,37.6,38.5,39.4,39.4,39.4,39.4,36.4,36.4,36.4,36.4,36.4,36.8,37.1,37.5,37.9,38.3,38.8,39.2,39.6,39.6,39.6,39.6,39.6,40.1,40.5,41.0,41.4,41.1,40.8,41.4
Asia,Nepal,NPL,,,,,,,,8.57,9.22,9.43,9.29,9.14,8.97,8.79,1.38,1.69,2.03,2.4,2.4,2.4,3.2,3.2,2.4,2.4,2.4,3.2,3.33,3.23,4.07,4.0,1.85,1.69,2.4,2.36,2.96,4.81,5.0,5.0,5.0,5.0,5.0,5.11,5.84,5.88,4.84,4.2,3.77,3.67,3.56,3.41,4.04,5.23,8.33,6.42,5.85,6.42,8.33,13.0,14.9,15.9,16.6,17.0,17.3,33.2,33.2,33.2,33.2,33.2,33.2,33.3,33.4,33.7,34.3,37.3,33.5,33.6
Australia and Oceania,Nauru,NRU,,,,,,,,,,,,,,,,,,,,,,,,0.0,0.0,0.0,0.0,0.0,0.0,0.0,0.0,0.0,0.0,0.0,0.0,0.0,0.0,0.0,0.0,1.85,3.7,5.56,5.56,5.56,5.56,5.56,5.56,5.56,5.56,5.56,5.56,2.78,0.0,0.0,0.0,0.0,0.0,0.0,0.0,0.0,0.0,0.0,0.0,0.0,0.0,0.0,1.1,2.7,5.26,5.26,5.26,5.26,7.02,8.77,10.5,10.5
Australia and Oceania,New Zealand,NZL,,3.81,3.79,3.77,3.75,9.43,3.75,4.17,4.58,5.0,5.0,5.0,5.0,5.0,5.0,5.0,5.42,5.83,6.25,6.25,6.25,6.25,5.74,5.24,4.76,4.71,4.65,4.6,4.6,4.6,4.6,4.51,4.43,4.35,5.8,7.25,8.7,10.0,11.3,12.6,13.2,13.8,14.4,15.1,15.8,16.5,18.1,19.7,21.2,24.2,26.8,29.2,29.2,29.2,29.2,29.2,29.2,29.2,30.2,31.2,32.2,32.7,33.1,33.6,33.1,32.7,32.2,31.4,30.6,29.8,32.6,35.5,38.3,39.6,40.8,40.8
Asia,Oman,OMN,,,,,,,,,,,,,,,,,,,,,,,,,,,,,,,,,,,,,,,,,,,,,,,,,,,,,,,,,,,7.8,8.15,8.47,8.79,9.09,9.22,9.35,9.47,9.58,9.24,8.9,8.57,8.24,8.65,9.06,9.48,9.88,9.88
Asia,Pakistan,PAK,,,,,,,,,,,,,,,,,,,,,,,,,,,,,3.66,3.39,2.22,4.32,4.66,4.92,5.17,5.41,5.64,5.86,6.08,6.28,6.48,7.46,8.65,10.1,5.73,0.92,1.15,1.64,1.84,1.15,2.09,2.45,2.63,9.37,13.9,17.1,19.5,21.4,17.5,17.4,17.3,17.0,21.2,22.5,18.0,17.4,16.9,16.4,20.7,20.1,18.0,19.4,19.8,20.0,20.0,20.0
North America,Panama,PAN,,4.0,3.26,2.38,2.23,2.11,1.99,1.89,2.36,2.83,3.3,3.77,3.77,3.77,3.77,3.77,3.48,3.16,2.79,2.38,2.44,2.5,2.56,2.63,2.31,1.85,1.16,0.0,2.56,4.35,5.66,6.67,7.46,8.11,6.45,5.36,3.57,1.79,4.07,5.97,6.27,6.57,6.87,7.16,7.46,7.65,7.83,8.0,8.17,8.33,8.33,8.33,8.33,8.33,8.33,10.1,11.8,13.5,15.1,16.7,15.1,13.6,11.9,10.2,8.45,10.3,12.2,14.4,16.7,19.3,19.7,20.1,20.5,20.8,21.1,22.5
South America,Peru,PER,0.0,0.0,0.0,0.0,0.0,0.0,0.75,1.44,2.1,2.71,3.29,3.83,3.78,3.72,3.66,3.6,3.53,3.47,1.08,1.12,1.15,1.19,1.23,1.28,1.32,1.38,1.43,1.49,1.56,1.63,1.71,1.8,1.89,2.0,5.0,6.25,6.08,5.92,5.75,5.58,5.42,5.67,5.92,6.17,6.42,6.67,7.04,7.5,8.1,8.89,10.0,12.0,14.0,16.0,18.0,20.0,18.3,17.5,20.4,23.3,26.3,29.2,27.5,26.0,24.4,23.0,21.5,23.2,24.1,24.7,25.1,25.4,26.0,27.2,30.0,26.1
Asia,Philippines,PHL,,0.87,12.5,1.69,0.91,0.85,0.0,1.68,1.8,2.52,12.5,1.68,0.9,0.84,0.0,2.46,2.63,3.28,12.5,6.4,5.98,7.2,25.0,4.0,2.56,3.2,12.5,6.85,6.14,5.85,5.7,5.61,5.55,5.5,5.51,5.53,5.54,5.56,5.57,5.58,6.9,8.03,9.02,9.46,9.9,10.3,10.8,11.3,10.6,10.0,9.49,10.2,11.0,11.8,13.6,15.4,17.2,17.0,16.7,16.5,18.9,20.2,21.1,21.0,20.9,20.6,22.8,24.7,26.3,27.3,27.9,28.4,28.3,28.2,28.1,28.1
Australia and Oceania,Palau,PLW,,,,,,,,,,,,,,,,,,,,,,,,,,,,,,,,,,,,,,,,,,,,,,,,0.0,0.83,1.67,2.5,3.33,2.61,1.82,0.95,0.0,0.0,0.0,0.0,0.0,3.96,7.84,11.7,15.4,14.0,12.7,11.5,10.3,11.0,11.5,11.8,12.1,12.4,12.9,13.8,13.8
Australia and Oceania,Papua New Guinea,PNG,,,,,,,,,,,,,,,,,,,,,,,,,,,,,,,,,1.83,1.65,1.47,1.28,1.1,0.92,0.73,0.55,0.37,0.18,0.0,0.0,0.0,0.0,0.0,0.0,0.31,0.52,0.69,0.82,0.92,0.92,0.92,0.92,0.92,0.92,0.92,0.92,0.92,0.92,0.92,1.28,1.64,2.0,2.35,2.7,2.18,1.65,1.11,0.56,0.0,0.0,0.0,0.0
Europe,Poland,POL,,,0.0,3.41,6.87,10.4,14.0,17.6,14.8,12.0,9.3,6.68,4.14,6.37,8.6,10.8,13.0,12.9,12.7,12.6,12.4,12.7,12.9,13.2,13.5,14.3,15.1,15.9,17.1,18.3,19.5,20.6,21.3,21.9,22.4,23.0,22.5,21.9,21.4,20.8,20.2,17.9,15.9,14.0,12.3,10.8,9.29,11.2,13.0,12.9,12.9,12.8,12.7,14.5,16.4,18.5,20.7,20.4,20.0,19.6,19.3,18.8,18.2,19.2,20.1,21.1,22.0,22.7,23.4,24.1,24.8,25.6,26.3,27.1,27.9,27.9
,North Korea,PRK,,,,,,,,,,,,,13.0,11.8,10.8,10.0,9.39,8.88,10.5,12.0,13.4,14.7,16.0,17.1,18.1,19.1,20.0,20.9,20.7,20.5,20.3,20.1,19.9,19.8,19.7,19.6,19.6,19.5,19.9,20.3,20.7,21.1,20.8,20.6,20.3,20.1,20.1,20.1,20.1,20.1,20.1,20.1,20.1,20.1,20.1,20.1,20.1,20.1,20.1,19.5,18.6,17.6,16.0,13.7,14.5,15.1,15.5,15.8,16.1,16.3,16.6,16.8,17.1,17.4,17.6,17.6
Europe,Portugal,PRT,1.67,1.67,1.67,1.67,1.67,1.67,1.67,1.67,1.67,1.67,1.67,1.67,1.67,1.84,2.0,2.16,2.31,2.5,2.69,2.88,3.08,3.08,3.08,3.08,3.08,3.9,4.68,5.4,6.08,8.0,6.43,4.94,5.54,6.16,6.8,6.8,6.93,7.07,7.2,6.8,6.4,7.0,7.6,8.88,10.2,11.6,13.0,13.0,13.0,13.0,13.0,14.5,15.9,17.3,18.7,18.8,19.0,19.1,19.9,20.6,21.3,22.9,24.6,26.2,27.8,27.2,26.5,28.6,30.6,32.7,34.8,35.8,36.7,37.7,38.7,40.0
South America,Paraguay,PRY,,,,0.0,0.0,0.0,0.0,0.0,0.0,0.0,0.0,0.0,0.0,0.0,0.0,0.0,1.11,2.22,3.33,2.77,2.37,2.07,1.83,3.33,3.56,3.78,4.0,4.22,4.44,4.22,4.0,3.78,3.56,3.33,3.11,2.89,2.67,2.44,2.22,2.56,2.88,3.17,3.45,3.7,5.56,5.57,5.58,5.59,5.6,6.6,7.62,8.65,9.69,10.7,10.3,9.95,9.56,9.18,8.8,9.76,10.7,11.7,12.6,13.6,14.6,15.5,16.5,17.4,18.4,17.9,17.4,17.0,16.5,16.0,16.8,17.6
Asia,Qatar,QAT,,,,,,,,,,,,,,,,,,,,,,,,,,,,,,,,,,,,,,,,,,,,,,,,,,,,,,,,,,,,,0.0,0.0,0.0,0.0,0.0,0.0,0.0,0.0,0.0,1.85,3.6,5.26,6.84,8.33,9.76,9.76
Europe,Romania,ROU,,5.31,6.28,7.25,9.31,11.3,13.4,15.4,15.6,15.7,15.9,16.1,16.3,16.3,16.4,16.5,16.6,16.0,15.5,14.9,14.4,14.4,14.4,14.4,14.4,14.5,14.6,14.7,14.9,15.0,15.2,18.9,22.6,26.1,29.6,33.1,33.3,33.6,33.9,34.1,34.4,26.4,19.4,13.3,7.81,2.96,3.23,3.51,4.02,4.54,5.05,5.56,6.64,7.72,8.81,9.9,9.86,9.82,9.78,9.75,9.75,9.76,9.76,9.77,10.3,10.8,11.2,11.6,11.7,11.8,11.8,11.9,14.2,16.7,19.6,19.8
,Russia,RUS,,,,,,,,,,,,,,,,,,,,,,,,,,,,,,,,,,,,,,,,,,,,,,8.73,8.73,8.73,11.0,5.11,5.11,5.11,0.56,5.11,7.57,5.11,5.11,5.11,8.93,5.65,5.65,5.65,11.5,5.2,4.73,4.73,11.2,7.98,7.98,7.98,17.1,13.1,17.1,16.6,16.4,16.1
Africa,Rwanda,RWA,,,,,,,,,,,,,,,,,,,,,0.0,0.0,0.0,0.0,0.0,0.69,1.34,1.95,2.53,3.08,3.6,4.1,4.57,5.02,5.45,5.86,6.25,9.7,12.9,13.7,14.6,15.4,16.3,17.1,15.0,12.9,10.7,8.57,6.43,4.29,10.4,15.8,20.7,25.2,29.3,33.0,36.4,39.5,42.5,44.6,47.1,49.8,52.8,56.3,53.8,49.2,38.5,57.0,60.0,60.1,60.3,60.5,60.8,61.3,55.7,55.7
Asia,Saudi Arabia,SAU,,,,,,,,,,,,,,,,,,,,,,,,,,,,,,,,,,,,,,,,,,,,,,,,,,,,,,,,,,,,,0.0,5.67,11.3,17.0,22.7,22.0,21.3,20.6,19.9,19.9,19.9,19.9,19.9,19.9,19.9,19.9
Africa,Sudan,SDN,,,,,,,,,,0.0,0.0,0.0,0.0,0.0,0.0,0.0,0.0,0.0,0.25,0.36,0.43,0.29,0.14,0.0,1.47,2.87,4.21,5.49,5.74,6.0,6.17,6.32,6.45,6.58,6.55,6.52,7.1,8.5,5.67,3.6,2.01,0.76,2.2,3.55,4.83,6.03,7.16,8.23,7.34,6.56,5.87,5.25,6.28,7.37,8.51,9.72,10.7,11.6,12.3,13.0,13.6,15.7,17.8,19.9,22.0,24.2,25.5,26.9,28.3,29.6,31.0,,,,,
Africa,Senegal,SEN,,,,,,,,,,,,,,,,0.0,0.42,0.83,1.25,1.25,1.25,1.25,1.25,1.25,1.9,2.5,3.04,3.54,4.0,4.6,5.2,5.8,6.4,7.0,7.88,8.7,9.46,10.2,10.8,11.2,11.5,11.8,12.2,12.5,12.3,12.2,12.0,11.8,11.7,11.8,11.9,12.0,12.1,12.1,18.3,18.9,19.2,22.1,24.3,25.9,27.3,28.3,29.2,31.0,33.0,35.6,38.7,42.7,42.5,42.3,42.1,42.0,41.8,41.8,41.8,43.0
Asia,Singapore,SGP,,,,,,,,,,,,,,,,,,,5.88,4.96,4.09,3.26,2.47,1.72,1.26,0.81,0.4,0.0,0.0,0.0,0.0,0.0,0.0,0.0,0.0,0.0,0.99,1.95,2.88,3.8,4.08,4.35,4.62,4.88,4.49,4.1,3.7,4.22,4.71,5.17,5.62,6.04,6.45,7.69,8.99,10.3,11.8,13.7,15.5,17.4,19.3,21.2,21.4,21.6,21.8,22.0,22.2,22.6,23.1,23.5,23.9,23.7,23.4,23.2,23.0,29.5
Australia and Oceania,Solomon Islands,SLB,,,,,,,,,,,,,,,,,,,,,,,,,,,,,,,,,,,,0.0,0.0,0.0,0.0,0.0,0.0,0.0,0.0,0.0,0.0,0.63,1.19,1.69,2.13,2.11,2.08,2.06,2.04,1.52,1.01,0.5,0.0,0.0,0.0,0.0,0.0,0.0,0.0,0.0,0.0,0.0,0.5,1.0,1.5,2.0,2.41,2.82,3.24,3.66,4.08,6.38
Africa,Sierra Leone,SLE,,,,,,,,,,,,,,,,,,,,,,,,,,,,,1.03,0.77,0.51,0.25,0.0,0.2,0.39,0.59,0.78,0.96,1.26,1.56,1.88,2.21,2.54,2.9,3.26,3.64,4.03,4.44,4.87,5.31,5.77,6.25,8.21,9.86,11.3,12.5,13.6,14.5,14.2,14.0,13.8,13.7,13.6,13.4,13.3,13.1,12.8,12.4,12.4,12.4,12.4,12.3,12.3,12.3,12.3,12.3
North America,El Salvador,SLV,,,,,,,,,,,,,,,,,3.7,3.13,2.53,1.92,6.73,11.5,7.69,3.85,3.85,3.85,3.85,3.85,4.81,5.77,5.66,5.56,6.48,7.41,9.01,10.5,12.0,13.3,11.7,9.17,6.67,8.33,10.0,11.7,10.3,9.21,8.33,9.13,9.92,10.7,10.7,10.7,10.7,10.3,9.92,9.52,9.92,10.3,10.7,12.7,14.7,16.7,17.5,18.3,19.1,21.4,23.8,26.2,28.2,30.2,32.1,31.8,31.4,30.9,30.9,33.3
Europe,San Marino,SMR,0.0,0.0,0.0,0.0,0.0,0.0,0.0,0.0,0.0,0.0,0.0,0.0,0.0,0.0,0.0,0.0,0.0,0.0,0.0,0.0,0.0,0.0,0.0,0.0,0.0,1.33,2.67,4.0,5.33,6.67,6.25,5.83,5.42,5.0,6.0,7.0,8.0,9.0,10.0,10.3,10.7,11.0,11.3,11.7,11.7,11.7,11.7,11.7,11.7,12.0,12.3,12.7,13.0,13.3,14.4,15.6,16.7,15.7,14.7,13.7,12.7,11.7,13.3,15.0,15.4,15.8,16.3,16.7,18.3,20.0,21.7,23.3,23.9,24.4,25.0,33.3
Africa,Somalia,SOM,,,,,,,,,,,,,,,,0.0,0.0,0.0,0.0,0.0,0.0,0.0,0.0,0.0,0.0,1.39,2.67,3.86,4.96,5.98,6.93,7.82,8.65,9.44,10.2,8.93,7.68,6.44,5.2,3.95,4.35,4.68,4.95,5.18,5.39,5.56,5.72,5.85,5.98,6.09,6.19,6.28,6.36,6.43,6.5,6.57,6.62,6.68,6.73,6.78,7.25,7.79,8.41,9.14,9.99,11.0,12.3,13.8,14.3,15.2,17.1,22.6,23.9,24.2,24.3,24.3
Europe,Serbia,SRB,,,,,,,,,,,,,,,,,,,,,,,,,,,,,,,,,,,,,,,,,,,,,,,,,,,,,,,,,,,,,,,20.4,21.6,24.3,27.0,29.7,32.4,33.2,34.0,34.0,34.0,35.2,36.4,37.6,38.8
Africa,South Sudan,SSD,,,,,,,,,,,,,,,,,,,,,,,,,,,,,,,,,,,,,,,,,,,,,,,,,,,,,,,,,,,,,,,,,,,24.4,25.4,26.1,26.7,27.2,27.6,27.3,27.0,26.6,26.6
Africa,Sao Tome and Principe,STP,,,,,,,,,,,,,,,,,,,,,,,,,,,,,,,18.2,15.1,12.3,9.68,7.25,5.0,6.64,8.11,9.44,10.7,11.8,11.6,11.5,11.3,11.2,11.0,10.9,9.7,8.48,7.27,7.73,8.18,8.64,9.09,9.09,9.09,9.09,9.09,8.64,8.18,7.73,7.27,10.0,12.7,15.4,18.2,18.2,18.2,18.2,18.2,17.3,16.4,15.4,14.6,14.6,14.6
South America,Suriname,SUR,,,,,,,,,,,,,,,,,,,,,,,,,,,,,,,,,5.13,5.92,6.76,7.64,8.57,9.56,10.6,11.7,12.9,9.76,7.84,7.35,6.86,6.37,5.88,7.84,9.8,11.8,13.7,15.7,16.2,16.7,17.2,17.6,19.2,20.8,22.4,23.9,25.5,22.4,19.2,16.1,12.9,9.8,12.9,16.1,19.2,22.4,25.5,27.0,28.4,29.9,31.4,29.4
,Slovakia,SVK,,,,,,,,,,,,,,,,,,,,,,,,,,,,,,,,,,,,,,,,,,,,,,,,18.1,16.3,14.7,14.2,13.7,13.2,12.7,14.9,16.4,17.5,18.3,17.9,17.5,16.9,16.0,15.8,15.7,15.5,15.3,16.3,17.3,18.1,18.7,19.1,19.3,19.5,19.7,20.0,22.7
Europe,Slovenia,SVN,,,,,,,,,,,,,,,,,,,,,,,,,,,,,,,,,,,,,,,,,,,,,,,,14.4,12.8,11.1,9.44,7.78,9.11,10.0,10.6,11.1,10.4,7.5,10.8,12.2,10.4,7.65,2.5,13.3,19.6,25.9,32.2,7.5,26.9,35.6,31.1,23.8,10.3,24.4,22.3,22.3
Europe,Sweden,SWE,1.33,4.91,7.54,9.57,4.0,7.55,10.2,12.2,4.0,7.74,10.5,12.6,6.62,9.74,12.0,13.8,7.28,9.91,11.8,13.3,8.61,11.6,13.8,15.4,11.3,14.0,16.5,18.9,21.4,21.9,22.4,22.9,24.6,26.2,27.8,27.7,27.6,27.5,28.8,30.2,31.5,33.8,36.1,38.4,36.8,35.1,33.5,35.8,38.1,40.4,41.0,41.5,42.1,42.7,43.7,44.3,44.8,45.1,45.4,45.9,46.4,47.3,46.7,46.1,45.6,45.0,44.6,44.3,43.9,43.5,44.2,44.8,45.5,46.1,47.3,47.0
,Eswatini,SWZ,,,,,,,,,,,,,,,,,,,,,,,,,,,,2.67,3.11,3.56,4.0,4.44,4.89,5.33,5.33,5.33,5.33,5.33,5.33,5.67,6.0,6.33,6.67,7.02,7.35,7.65,7.92,8.18,8.42,8.0,7.58,7.16,6.74,6.32,8.42,10.5,12.6,14.7,16.8,17.2,17.5,17.8,18.0,18.1,17.7,17.2,16.5,15.7,14.7,15.4,16.2,17.5,19.5,23.3,12.1,18.4
Africa,Seychelles,SYC,,,,,,,,,,,,,,,,,,,,,,,,,,,,,,0.0,9.41,16.8,22.9,27.8,32.0,30.0,28.0,26.0,24.0,22.0,20.0,18.0,16.0,23.2,30.6,38.1,45.8,35.1,27.3,26.5,25.8,25.0,24.3,23.5,25.0,26.5,27.9,29.4,28.2,27.1,25.9,24.7,23.5,31.5,37.1,41.3,44.4,44.3,44.2,44.0,43.9,43.8,39.1,32.3,21.2,21.2
Asia,Syria,SYR,,,0.0,0.0,0.0,0.0,0.0,0.0,0.0,0.64,0.87,0.99,1.06,1.11,1.14,1.17,0.0,0.24,0.48,0.72,0.95,1.18,1.4,1.62,1.84,2.06,2.27,2.48,2.69,2.92,3.15,3.37,3.59,4.36,5.13,5.9,6.67,7.18,7.69,8.21,8.72,9.23,8.98,8.76,8.57,8.4,8.7,9.0,9.3,9.6,9.8,10.0,10.2,10.4,10.7,11.0,11.4,11.7,12.0,12.1,12.2,12.3,12.4,12.3,12.2,12.2,12.1,12.0,12.3,12.5,12.7,12.8,12.9,13.0,13.2,11.2
Africa,Chad,TCD,,,,,,,,,,,,,,,,,,,,,,,,,,,,,,,,,,,,,,,,,,,,,,,,,,,,,,,,,,,,,,,,,,,,,,,,,,,14.9,15.4
Africa,Togo,TGO,,,,,,,,,,,,,,,,,1.96,0.93,0.0,0.77,1.53,2.26,2.98,3.68,4.37,5.04,5.69,6.33,6.96,7.57,8.17,8.76,9.33,9.9,10.4,9.47,8.53,7.64,6.79,5.97,5.19,4.94,4.68,4.42,4.16,3.9,6.33,4.6,2.9,1.23,1.98,2.72,3.46,4.2,4.94,5.76,6.58,7.41,8.11,8.5,8.75,8.93,9.05,9.49,10.1,10.8,11.8,13.2,15.4,15.6,15.8,16.0,16.3,16.5,16.5,18.7
Asia,Thailand,THA,0.0,0.0,2.0,0.0,0.28,0.55,0.81,3.25,2.25,1.76,1.47,1.27,1.13,0.83,0.0,0.32,0.58,0.78,0.95,1.1,1.22,1.32,1.42,1.5,1.57,1.13,0.61,0.0,6.02,4.58,3.37,3.78,2.78,2.48,2.28,2.0,1.33,2.53,3.0,2.66,1.92,2.8,1.92,2.56,2.79,3.15,3.77,3.65,4.24,5.03,6.14,6.58,7.22,7.83,8.43,9.01,9.57,9.77,10.0,10.3,10.6,11.2,11.7,16.0,15.9,15.8,15.8,14.2,11.5,6.09,10.0,11.9,12.9,13.6,14.1,13.9
Asia,Tajikistan,TJK,,,,,,,,,,,,,,,,,,,,,,,,,,,,,,,,,,,,,,,,,,,,,,3.04,3.0,2.95,2.89,2.83,2.76,3.81,4.67,5.41,6.03,6.57,7.63,9.06,11.1,14.2,19.6,19.2,18.8,18.4,17.9,17.5,17.0,16.4,15.9,15.3,14.7,16.1,17.4,18.7,20.0,23.4
Asia,Turkmenistan,TKM,,,,,,,,,,,,,,,,,,,,,,,,,,,,,,,,,,,,,,,,,,,,,,4.57,5.74,7.56,10.8,18.0,19.6,21.2,22.8,24.4,26.0,23.8,21.6,19.5,17.4,15.4,16.0,16.4,16.6,16.8,16.8,16.8,16.8,16.8,16.8,18.4,20.0,21.6,23.2,24.8,25.0,25.0
,Timor-Leste,TLS,,,,,,,,,,,,,,,,,,,,,,,,,,,,,,,,,,,,,,,,,,,,,,,,,,,,,,,,,25.0,25.8,26.5,27.1,27.6,28.1,28.5,29.6,31.0,32.8,35.1,38.5,37.2,36.0,34.8,33.5,32.3,33.9,38.5,38.5
Australia and Oceania,Tonga,TON,,,,,,,,,,,,,,,,,,,,,,,,,,,,,,,0.0,0.0,0.0,0.0,0.0,0.0,0.0,0.0,0.0,0.0,0.0,0.0,0.0,0.0,0.0,0.0,1.14,2.25,3.33,2.22,1.11,0.0,0.0,0.0,0.0,0.0,0.0,0.0,1.12,2.27,3.45,3.33,3.23,3.13,1.72,0.0,0.0,0.0,0.0,0.0,1.53,3.03,4.51,5.97,7.41,7.41
North America,Trinidad and Tobago,TTO,,,,,,,,,,,,,,,,,,11.1,11.3,11.4,11.5,11.7,10.7,9.67,8.67,7.67,6.67,7.82,8.92,9.97,11.0,11.9,12.5,13.1,13.7,14.3,14.9,14.9,14.9,14.9,14.9,14.9,15.5,16.0,16.6,17.1,17.6,18.1,18.5,19.0,19.4,19.4,19.3,19.2,19.2,19.1,11.1,25.4,27.1,28.7,30.3,31.8,33.3,31.5,29.6,27.8,28.5,29.3,30.0,30.8,31.5,31.9,32.2,32.5,32.9,32.4
Africa,Tunisia,TUN,,,,,,,,,,,,,,,1.11,1.11,1.11,1.11,1.11,1.11,1.71,2.26,2.78,3.26,3.7,3.45,3.21,2.98,2.76,2.54,2.68,2.81,2.93,3.05,3.17,4.2,5.15,5.23,5.32,5.41,5.5,5.6,5.12,4.67,4.26,4.81,5.34,5.84,6.31,6.75,7.79,8.79,9.75,10.7,11.5,13.8,16.1,18.4,20.6,22.8,13.4,14.0,14.6,15.2,27.6,26.9,26.5,27.5,28.9,31.3,29.6,27.8,26.1,24.3,22.6,24.9
Asia,Turkey,TUR,,1.81,1.51,1.21,0.91,0.61,0.65,0.68,0.72,0.75,0.96,1.15,1.33,1.21,1.08,0.96,0.83,0.89,1.0,1.33,0.67,0.67,0.67,0.67,1.11,1.12,1.14,1.15,1.16,0.93,0.0,0.79,0.99,0.93,0.67,1.76,2.36,2.74,3.0,2.55,2.12,1.71,1.33,1.44,1.56,1.67,1.78,1.95,2.1,2.24,2.36,2.82,3.27,3.73,4.18,4.24,4.3,4.36,5.31,6.26,7.21,8.16,9.11,10.4,11.7,12.9,14.2,14.4,14.6,14.7,14.9,15.8,16.6,17.4,17.4,17.3
Australia and Oceania,Tuvalu,TUV,,,,,,,,,,,,,,,,,,,,,,,,,,,,,,,,,0.0,0.0,0.0,0.0,0.0,0.0,0.0,0.0,0.0,1.92,3.85,5.77,7.69,7.69,7.69,7.69,7.69,6.25,4.76,3.23,1.64,0.0,0.0,0.0,0.0,0.0,0.0,0.0,0.0,0.0,0.0,0.0,0.0,0.0,1.33,2.67,4.0,5.33,6.67,6.56,6.45,6.35,6.25,6.25
Africa,Tanzania,TZA,,,,,,,,,,,,,,,,,,,,,,,,,,3.9,4.82,5.71,6.58,7.43,8.26,8.55,8.83,9.11,9.37,9.62,9.79,9.96,10.1,10.3,10.4,10.6,10.8,10.9,11.1,11.2,12.4,13.6,14.8,15.9,17.0,18.1,19.1,20.2,21.2,22.2,24.0,25.8,27.4,28.9,30.4,31.6,32.8,33.9,35.0,36.0,36.1,36.2,36.3,36.5,36.6,36.6,36.7,36.8,36.9,36.9
Africa,Uganda,UGA,,,,,,,,,,,,,,,,,,,,,,,,,,,,,,,,,,,,0.79,3.27,5.22,6.79,8.09,9.19,10.1,10.9,11.6,12.2,13.6,14.9,16.2,17.5,18.8,18.3,17.8,19.3,20.7,22.1,23.4,24.7,25.3,25.9,26.5,27.1,27.6,24.1,21.5,19.4,17.8,16.4,15.2,14.3,13.4,12.7,12.1,17.0,24.0,34.9,34.9
Europe,Ukraine,UKR,,,,,,,,,,,,,,,,,,,,,,,,,,,,,,,,,,,,,,,,,,,,,,2.44,2.78,3.11,3.44,3.78,4.8,5.83,6.87,7.92,7.26,6.61,5.97,5.33,5.78,6.22,6.67,7.11,8.33,8.45,8.61,8.8,9.07,9.44,10.5,11.7,13.4,15.2,17.0,18.8,20.5,20.8
South America,Uruguay,URY,,0.0,0.0,0.0,0.0,0.0,0.0,0.0,0.0,0.0,0.0,0.0,0.0,0.0,0.0,0.0,0.0,0.0,0.0,0.0,0.0,0.0,0.16,0.31,0.47,0.62,0.78,0.72,0.66,0.6,0.54,0.48,0.42,0.36,0.3,0.24,0.18,0.12,0.06,0.0,0.93,1.85,2.78,3.7,4.62,5.08,5.56,6.03,6.5,6.98,7.89,8.81,9.72,10.6,11.5,11.5,11.5,11.5,11.5,11.5,12.0,12.5,13.0,13.5,13.9,15.0,16.1,17.1,18.2,19.2,19.6,19.9,20.3,20.6,20.9,23.1
North America,United States,USA,,2.04,1.76,1.48,1.67,1.85,1.94,2.04,2.41,2.78,3.06,3.33,3.15,2.96,3.24,3.52,3.61,3.7,3.15,2.59,2.5,2.41,2.31,2.22,2.13,2.04,2.41,2.78,2.87,2.96,3.24,3.52,3.61,3.7,3.52,3.33,3.8,4.26,4.35,4.44,4.54,4.64,5.19,5.74,5.67,5.6,7.9,10.2,10.3,10.4,10.8,11.2,11.9,12.5,12.7,12.9,13.5,14.0,14.4,14.8,15.5,16.3,16.8,17.3,17.1,16.8,17.6,18.4,18.9,19.4,19.4,19.3,21.6,23.8,23.7,23.7
Asia,Uzbekistan,UZB,,,,,,,,,,,,,,,,,,,,,,,,,,,,,,,,,,,,,,,,,,,,,,9.6,9.09,8.4,7.44,6.0,6.16,6.32,6.48,6.64,6.8,7.95,9.39,11.3,13.8,17.5,15.0,17.3,19.2,20.7,22.0,15.0,15.5,15.9,16.1,16.3,16.4,16.4,16.4,16.4,16.4,29.1
Europe,Vatican City,VAT,,,,,,,,,,,,,,,,,,,,,,,,,,,,,,,,,,,,,,,,,,,,,,,,,,,,,,,,,,,,,,,,,,,,,,,,,,,,
,St. Vincent and the Grenadines,VCT,,,,,,,,,,,,,,,,,,,,,,,,,,,,,,,,,,,10.5,9.47,8.42,7.37,6.32,5.26,6.19,7.07,7.92,8.74,9.52,9.52,9.52,9.52,9.52,9.52,8.33,7.14,5.95,4.76,10.9,16.9,22.7,21.6,20.4,19.3,18.2,17.4,16.7,15.9,15.1,14.3,14.0,13.8,13.5,13.3,13.0,13.0,13.0,13.0,13.0,13.0
South America,Venezuela,VEN,,5.63,4.13,2.58,2.47,2.36,2.26,2.16,2.06,1.97,1.88,1.8,1.71,1.63,1.87,2.1,2.3,2.49,2.67,2.14,1.66,1.2,0.78,0.38,0.69,1.01,1.34,1.67,2.02,2.19,2.36,2.53,2.71,2.88,2.88,2.88,2.87,2.87,2.87,4.17,5.46,6.75,8.04,9.31,8.7,8.1,7.5,6.91,6.32,7.31,8.29,9.25,10.2,11.2,11.7,12.0,12.5,13.2,14.1,15.4,17.4,17.3,17.2,17.1,17.1,17.0,16.4,15.9,15.4,14.9,14.4,16.3,18.3,20.2,22.2,22.2
Asia,Vietnam,VNM,,,,,,,,,,,,,,,,,,,,,,,,,,,,,,,,26.8,25.8,24.8,23.8,22.8,21.8,21.1,20.4,19.8,19.1,18.4,17.7,17.9,18.0,18.1,18.3,18.5,19.9,20.9,21.6,22.2,22.6,23.2,23.9,24.8,25.9,27.3,27.0,26.7,26.4,26.1,25.8,25.4,25.1,24.7,24.4,25.1,25.4,25.7,25.8,25.9,26.1,26.3,26.7,26.7
Australia and Oceania,Vanuatu,VUT,,,,,,,,,,,,,,,,,,,,,,,,,,,,,,,,,,,0.0,0.0,0.0,0.0,0.0,1.23,2.35,3.39,4.35,3.8,3.26,2.72,2.17,1.83,1.5,1.18,0.87,0.57,0.28,0.0,0.48,0.96,1.44,1.92,2.88,3.85,3.85,3.85,3.85,3.85,2.88,1.92,0.96,0.0,0.0,0.0,0.0,0.0,0.0,0.0,0.0,0.0
Australia and Oceania,Samoa,WSM,,,,,,,,,,,,,,,,,,,,2.13,1.42,0.71,0.0,0.71,1.42,2.13,2.13,2.13,2.13,2.84,3.55,4.26,3.55,2.84,2.13,2.13,2.13,2.13,2.84,3.55,4.26,3.55,2.84,2.13,2.84,3.55,4.26,4.64,5.02,5.39,5.76,6.12,6.12,6.12,6.12,6.12,6.12,6.53,6.94,7.35,7.76,8.16,7.35,6.53,5.71,4.9,4.08,5.28,6.48,7.66,8.84,10.0,10.0,10.0,10.0,10.0
Asia,Yemen,YEM,,,,,,,,,,,,,,,,,,,,,,,,,,,,,,,,,,,,,,,,,,,,,,3.32,2.44,1.55,0.66,0.66,0.66,0.66,0.66,0.79,0.97,1.26,1.8,0.73,0.33,0.39,0.44,0.49,0.53,0.58,0.62,0.66,0.7,0.74,0.78,0.81,0.85,0.88,0.91,0.94,0.97,0.97
Africa,South Africa,ZAF,,,,1.31,1.43,1.54,1.66,1.77,1.89,1.61,1.12,1.17,1.2,1.23,1.84,3.7,1.88,2.06,2.33,2.77,3.64,1.18,1.23,1.28,1.32,1.36,1.35,1.34,1.33,1.33,1.13,0.9,0.61,0.74,0.88,1.01,1.13,1.24,1.37,1.54,1.95,2.16,2.3,2.28,2.27,8.36,13.3,17.4,20.8,23.7,24.9,26.2,27.5,28.8,30.2,30.3,30.3,30.4,30.4,30.4,32.7,35.0,37.5,40.2,43.1,42.6,42.1,41.7,41.2,40.8,41.3,41.9,42.8,43.9,45.3,45.4
Africa,Zambia,ZMB,,,,,,,,,,,,,,,,,,,,5.33,4.17,3.23,2.45,1.8,2.76,3.64,4.44,5.19,5.88,5.59,5.29,5.0,4.71,4.41,4.12,3.82,3.53,3.24,2.94,3.68,4.41,5.15,5.88,6.62,6.64,6.65,6.67,7.39,8.09,8.79,9.46,10.1,10.5,10.9,11.3,11.7,12.0,12.6,13.1,13.6,14.1,14.7,13.9,13.2,12.4,11.7,11.0,12.5,13.5,14.3,14.9,15.4,15.9,16.7,18.0,16.8
Africa,Zimbabwe,ZWE,,,,,,,,,,,,,,,,,,,,,,,,,,,,,,,,,,,,7.86,8.43,9.0,9.57,10.1,10.7,11.0,11.3,11.5,11.8,12.0,12.5,13.1,13.6,14.1,14.7,13.6,12.5,11.5,10.4,9.33,12.4,15.0,17.2,19.1,20.8,19.8,19.0,18.3,22.1,25.7,29.0,32.2,35.1,35.0,34.8,34.6,34.5,34.3,34.6,34.6
